symbol,tag,trades,win_rate,profit_factor,expectancy_r,net_pnl,max_dd_pct,final_equity,params
EURUSD=X,baseline:fabris_ntz,34,50.0,0.965,0.169,-57.54,5.23,9942.46,
EURUSD=X,baseline:breakout_adx,79,48.1,0.545,-0.038,-2080.27,20.8,7919.73,
EURUSD=X,baseline:aziz_orb,81,41.98,0.697,0.259,-2016.73,21.03,7983.27,
EURUSD=X,baseline:book_optimal,44,31.82,0.454,-0.115,-1767.11,18.92,8232.89,
EURUSD=X,search:book_optimal,44,36.36,0.32,-0.182,-2048.35,21.11,7951.65,"{'min_rr': 1.0, 'book_min_triggers': 1, 'book_require_vwap': True, 'adx_min': 18, 'atr_sl_mult': 1.2, 'cost_buffer': 1.2}"
EURUSD=X,search:book_optimal,41,41.46,0.452,-0.075,-1331.37,14.97,8668.63,"{'min_rr': 1.0, 'book_min_triggers': 1, 'book_require_vwap': True, 'adx_min': 18, 'atr_sl_mult': 1.2, 'cost_buffer': 2.0}"
EURUSD=X,search:book_optimal,48,39.58,0.388,-0.114,-1892.21,19.56,8107.79,"{'min_rr': 1.0, 'book_min_triggers': 1, 'book_require_vwap': True, 'adx_min': 18, 'atr_sl_mult': 1.5, 'cost_buffer': 1.2}"
EURUSD=X,search:book_optimal,45,42.22,0.453,-0.069,-1475.93,16.97,8524.07,"{'min_rr': 1.0, 'book_min_triggers': 1, 'book_require_vwap': True, 'adx_min': 18, 'atr_sl_mult': 1.5, 'cost_buffer': 2.0}"
EURUSD=X,search:book_optimal,48,41.67,0.457,-0.072,-1584.06,16.5,8415.94,"{'min_rr': 1.0, 'book_min_triggers': 1, 'book_require_vwap': True, 'adx_min': 18, 'atr_sl_mult': 2.0, 'cost_buffer': 1.2}"
EURUSD=X,search:book_optimal,45,42.22,0.488,-0.055,-1358.9,14.29,8641.1,"{'min_rr': 1.0, 'book_min_triggers': 1, 'book_require_vwap': True, 'adx_min': 18, 'atr_sl_mult': 2.0, 'cost_buffer': 2.0}"
EURUSD=X,search:book_optimal,34,32.35,0.275,-0.227,-1673.92,16.79,8326.08,"{'min_rr': 1.0, 'book_min_triggers': 1, 'book_require_vwap': True, 'adx_min': 25, 'atr_sl_mult': 1.2, 'cost_buffer': 1.2}"
EURUSD=X,search:book_optimal,31,32.26,0.298,-0.216,-1414.28,14.21,8585.72,"{'min_rr': 1.0, 'book_min_triggers': 1, 'book_require_vwap': True, 'adx_min': 25, 'atr_sl_mult': 1.2, 'cost_buffer': 2.0}"
EURUSD=X,search:book_optimal,33,36.36,0.343,-0.142,-1364.75,13.85,8635.25,"{'min_rr': 1.0, 'book_min_triggers': 1, 'book_require_vwap': True, 'adx_min': 25, 'atr_sl_mult': 1.5, 'cost_buffer': 1.2}"
EURUSD=X,search:book_optimal,31,32.26,0.305,-0.216,-1409.95,14.33,8590.05,"{'min_rr': 1.0, 'book_min_triggers': 1, 'book_require_vwap': True, 'adx_min': 25, 'atr_sl_mult': 1.5, 'cost_buffer': 2.0}"
EURUSD=X,search:book_optimal,32,34.38,0.337,-0.178,-1346.17,13.46,8653.83,"{'min_rr': 1.0, 'book_min_triggers': 1, 'book_require_vwap': True, 'adx_min': 25, 'atr_sl_mult': 2.0, 'cost_buffer': 1.2}"
EURUSD=X,search:book_optimal,30,33.33,0.339,-0.19,-1248.38,12.51,8751.62,"{'min_rr': 1.0, 'book_min_triggers': 1, 'book_require_vwap': True, 'adx_min': 25, 'atr_sl_mult': 2.0, 'cost_buffer': 2.0}"
EURUSD=X,search:book_optimal,46,39.13,0.348,-0.131,-1951.66,20.39,8048.34,"{'min_rr': 1.0, 'book_min_triggers': 1, 'book_require_vwap': False, 'adx_min': 18, 'atr_sl_mult': 1.2, 'cost_buffer': 1.2}"
EURUSD=X,search:book_optimal,42,40.48,0.42,-0.097,-1456.11,15.25,8543.89,"{'min_rr': 1.0, 'book_min_triggers': 1, 'book_require_vwap': False, 'adx_min': 18, 'atr_sl_mult': 1.2, 'cost_buffer': 2.0}"
EURUSD=X,search:book_optimal,50,42.0,0.418,-0.069,-1796.44,18.86,8203.56,"{'min_rr': 1.0, 'book_min_triggers': 1, 'book_require_vwap': False, 'adx_min': 18, 'atr_sl_mult': 1.5, 'cost_buffer': 1.2}"
EURUSD=X,search:book_optimal,46,41.3,0.432,-0.089,-1578.57,16.47,8421.43,"{'min_rr': 1.0, 'book_min_triggers': 1, 'book_require_vwap': False, 'adx_min': 18, 'atr_sl_mult': 1.5, 'cost_buffer': 2.0}"
EURUSD=X,search:book_optimal,50,44.0,0.491,-0.029,-1487.57,15.8,8512.43,"{'min_rr': 1.0, 'book_min_triggers': 1, 'book_require_vwap': False, 'adx_min': 18, 'atr_sl_mult': 2.0, 'cost_buffer': 1.2}"
EURUSD=X,search:book_optimal,46,43.48,0.514,-0.032,-1286.5,13.57,8713.5,"{'min_rr': 1.0, 'book_min_triggers': 1, 'book_require_vwap': False, 'adx_min': 18, 'atr_sl_mult': 2.0, 'cost_buffer': 2.0}"
EURUSD=X,search:book_optimal,35,34.29,0.294,-0.191,-1630.58,16.35,8369.42,"{'min_rr': 1.0, 'book_min_triggers': 1, 'book_require_vwap': False, 'adx_min': 25, 'atr_sl_mult': 1.2, 'cost_buffer': 1.2}"
EURUSD=X,search:book_optimal,32,34.38,0.32,-0.178,-1369.59,13.92,8630.41,"{'min_rr': 1.0, 'book_min_triggers': 1, 'book_require_vwap': False, 'adx_min': 25, 'atr_sl_mult': 1.2, 'cost_buffer': 2.0}"
EURUSD=X,search:book_optimal,34,38.24,0.369,-0.109,-1311.52,13.32,8688.48,"{'min_rr': 1.0, 'book_min_triggers': 1, 'book_require_vwap': False, 'adx_min': 25, 'atr_sl_mult': 1.5, 'cost_buffer': 1.2}"
EURUSD=X,search:book_optimal,32,34.38,0.332,-0.178,-1357.0,14.03,8643.0,"{'min_rr': 1.0, 'book_min_triggers': 1, 'book_require_vwap': False, 'adx_min': 25, 'atr_sl_mult': 1.5, 'cost_buffer': 2.0}"
EURUSD=X,search:book_optimal,33,36.36,0.368,-0.142,-1284.53,12.85,8715.47,"{'min_rr': 1.0, 'book_min_triggers': 1, 'book_require_vwap': False, 'adx_min': 25, 'atr_sl_mult': 2.0, 'cost_buffer': 1.2}"
EURUSD=X,search:book_optimal,31,35.48,0.372,-0.152,-1186.05,12.21,8813.95,"{'min_rr': 1.0, 'book_min_triggers': 1, 'book_require_vwap': False, 'adx_min': 25, 'atr_sl_mult': 2.0, 'cost_buffer': 2.0}"
EURUSD=X,search:book_optimal,7,42.86,0.556,0.029,-177.55,3.25,9822.45,"{'min_rr': 1.0, 'book_min_triggers': 2, 'book_require_vwap': True, 'adx_min': 18, 'atr_sl_mult': 1.2, 'cost_buffer': 1.2}"
EURUSD=X,search:book_optimal,6,50.0,0.897,0.2,-25.46,1.75,9974.54,"{'min_rr': 1.0, 'book_min_triggers': 2, 'book_require_vwap': True, 'adx_min': 18, 'atr_sl_mult': 1.2, 'cost_buffer': 2.0}"
EURUSD=X,search:book_optimal,7,42.86,0.556,0.029,-177.55,3.25,9822.45,"{'min_rr': 1.0, 'book_min_triggers': 2, 'book_require_vwap': True, 'adx_min': 18, 'atr_sl_mult': 1.5, 'cost_buffer': 1.2}"
EURUSD=X,search:book_optimal,6,50.0,0.897,0.2,-25.46,1.75,9974.54,"{'min_rr': 1.0, 'book_min_triggers': 2, 'book_require_vwap': True, 'adx_min': 18, 'atr_sl_mult': 1.5, 'cost_buffer': 2.0}"
EURUSD=X,search:book_optimal,7,42.86,0.556,0.029,-177.55,3.25,9822.45,"{'min_rr': 1.0, 'book_min_triggers': 2, 'book_require_vwap': True, 'adx_min': 18, 'atr_sl_mult': 2.0, 'cost_buffer': 1.2}"
EURUSD=X,search:book_optimal,6,50.0,0.897,0.2,-25.46,1.75,9974.54,"{'min_rr': 1.0, 'book_min_triggers': 2, 'book_require_vwap': True, 'adx_min': 18, 'atr_sl_mult': 2.0, 'cost_buffer': 2.0}"
EURUSD=X,search:book_optimal,9,44.44,0.48,0.022,-271.61,3.25,9728.39,"{'min_rr': 1.0, 'book_min_triggers': 2, 'book_require_vwap': False, 'adx_min': 18, 'atr_sl_mult': 1.2, 'cost_buffer': 1.2}"
EURUSD=X,search:book_optimal,7,42.86,0.592,0.029,-151.14,1.75,9848.86,"{'min_rr': 1.0, 'book_min_triggers': 2, 'book_require_vwap': False, 'adx_min': 18, 'atr_sl_mult': 1.2, 'cost_buffer': 2.0}"
EURUSD=X,search:book_optimal,9,44.44,0.48,0.022,-271.61,3.25,9728.39,"{'min_rr': 1.0, 'book_min_triggers': 2, 'book_require_vwap': False, 'adx_min': 18, 'atr_sl_mult': 1.5, 'cost_buffer': 1.2}"
EURUSD=X,search:book_optimal,7,42.86,0.592,0.029,-151.14,1.75,9848.86,"{'min_rr': 1.0, 'book_min_triggers': 2, 'book_require_vwap': False, 'adx_min': 18, 'atr_sl_mult': 1.5, 'cost_buffer': 2.0}"
EURUSD=X,search:book_optimal,9,44.44,0.48,0.022,-271.61,3.25,9728.39,"{'min_rr': 1.0, 'book_min_triggers': 2, 'book_require_vwap': False, 'adx_min': 18, 'atr_sl_mult': 2.0, 'cost_buffer': 1.2}"
EURUSD=X,search:book_optimal,7,42.86,0.592,0.029,-151.14,1.75,9848.86,"{'min_rr': 1.0, 'book_min_triggers': 2, 'book_require_vwap': False, 'adx_min': 18, 'atr_sl_mult': 2.0, 'cost_buffer': 2.0}"
EURUSD=X,search:book_optimal,45,33.33,0.386,-0.155,-2013.14,20.13,7986.86,"{'min_rr': 1.5, 'book_min_triggers': 1, 'book_require_vwap': True, 'adx_min': 18, 'atr_sl_mult': 1.2, 'cost_buffer': 1.2}"
EURUSD=X,search:book_optimal,47,34.04,0.413,-0.126,-1945.04,19.45,8054.96,"{'min_rr': 1.5, 'book_min_triggers': 1, 'book_require_vwap': True, 'adx_min': 18, 'atr_sl_mult': 1.2, 'cost_buffer': 2.0}"
EURUSD=X,search:book_optimal,45,42.22,0.632,0.054,-1010.02,10.3,8989.98,"{'min_rr': 1.5, 'book_min_triggers': 1, 'book_require_vwap': True, 'adx_min': 18, 'atr_sl_mult': 1.5, 'cost_buffer': 1.2}"
EURUSD=X,search:book_optimal,45,42.22,0.638,0.054,-986.54,10.07,9013.46,"{'min_rr': 1.5, 'book_min_triggers': 1, 'book_require_vwap': True, 'adx_min': 18, 'atr_sl_mult': 1.5, 'cost_buffer': 2.0}"
EURUSD=X,search:book_optimal,47,40.43,0.617,0.033,-1161.32,12.93,8838.68,"{'min_rr': 1.5, 'book_min_triggers': 1, 'book_require_vwap': True, 'adx_min': 18, 'atr_sl_mult': 2.0, 'cost_buffer': 1.2}"
EURUSD=X,search:book_optimal,47,40.43,0.617,0.033,-1161.32,12.93,8838.68,"{'min_rr': 1.5, 'book_min_triggers': 1, 'book_require_vwap': True, 'adx_min': 18, 'atr_sl_mult': 2.0, 'cost_buffer': 2.0}"
EURUSD=X,search:book_optimal,32,31.25,0.371,-0.164,-1395.58,13.96,8604.42,"{'min_rr': 1.5, 'book_min_triggers': 1, 'book_require_vwap': True, 'adx_min': 25, 'atr_sl_mult': 1.2, 'cost_buffer': 1.2}"
EURUSD=X,search:book_optimal,32,31.25,0.371,-0.164,-1395.58,13.96,8604.42,"{'min_rr': 1.5, 'book_min_triggers': 1, 'book_require_vwap': True, 'adx_min': 25, 'atr_sl_mult': 1.2, 'cost_buffer': 2.0}"
EURUSD=X,search:book_optimal,31,32.26,0.398,-0.137,-1237.7,12.38,8762.3,"{'min_rr': 1.5, 'book_min_triggers': 1, 'book_require_vwap': True, 'adx_min': 25, 'atr_sl_mult': 1.5, 'cost_buffer': 1.2}"
EURUSD=X,search:book_optimal,31,32.26,0.402,-0.137,-1214.81,12.15,8785.19,"{'min_rr': 1.5, 'book_min_triggers': 1, 'book_require_vwap': True, 'adx_min': 25, 'atr_sl_mult': 1.5, 'cost_buffer': 2.0}"
EURUSD=X,search:book_optimal,32,34.38,0.466,-0.085,-1126.11,11.93,8873.89,"{'min_rr': 1.5, 'book_min_triggers': 1, 'book_require_vwap': True, 'adx_min': 25, 'atr_sl_mult': 2.0, 'cost_buffer': 1.2}"
EURUSD=X,search:book_optimal,32,34.38,0.466,-0.085,-1126.11,11.93,8873.89,"{'min_rr': 1.5, 'book_min_triggers': 1, 'book_require_vwap': True, 'adx_min': 25, 'atr_sl_mult': 2.0, 'cost_buffer': 2.0}"
EURUSD=X,search:book_optimal,47,34.04,0.395,-0.138,-2037.8,20.38,7962.2,"{'min_rr': 1.5, 'book_min_triggers': 1, 'book_require_vwap': False, 'adx_min': 18, 'atr_sl_mult': 1.2, 'cost_buffer': 1.2}"
EURUSD=X,search:book_optimal,49,34.69,0.421,-0.111,-1969.91,19.7,8030.09,"{'min_rr': 1.5, 'book_min_triggers': 1, 'book_require_vwap': False, 'adx_min': 18, 'atr_sl_mult': 1.2, 'cost_buffer': 2.0}"
EURUSD=X,search:book_optimal,47,40.43,0.563,0.01,-1281.13,12.81,8718.87,"{'min_rr': 1.5, 'book_min_triggers': 1, 'book_require_vwap': False, 'adx_min': 18, 'atr_sl_mult': 1.5, 'cost_buffer': 1.2}"
EURUSD=X,search:book_optimal,47,40.43,0.568,0.01,-1258.35,12.58,8741.65,"{'min_rr': 1.5, 'book_min_triggers': 1, 'book_require_vwap': False, 'adx_min': 18, 'atr_sl_mult': 1.5, 'cost_buffer': 2.0}"
EURUSD=X,search:book_optimal,49,40.82,0.62,0.042,-1194.73,11.95,8805.27,"{'min_rr': 1.5, 'book_min_triggers': 1, 'book_require_vwap': False, 'adx_min': 18, 'atr_sl_mult': 2.0, 'cost_buffer': 1.2}"
EURUSD=X,search:book_optimal,49,40.82,0.62,0.042,-1194.73,11.95,8805.27,"{'min_rr': 1.5, 'book_min_triggers': 1, 'book_require_vwap': False, 'adx_min': 18, 'atr_sl_mult': 2.0, 'cost_buffer': 2.0}"
EURUSD=X,search:book_optimal,33,33.33,0.412,-0.113,-1307.77,13.21,8692.23,"{'min_rr': 1.5, 'book_min_triggers': 1, 'book_require_vwap': False, 'adx_min': 25, 'atr_sl_mult': 1.2, 'cost_buffer': 1.2}"
EURUSD=X,search:book_optimal,33,33.33,0.412,-0.113,-1307.77,13.21,8692.23,"{'min_rr': 1.5, 'book_min_triggers': 1, 'book_require_vwap': False, 'adx_min': 25, 'atr_sl_mult': 1.2, 'cost_buffer': 2.0}"
EURUSD=X,search:book_optimal,32,34.38,0.446,-0.085,-1139.87,11.4,8860.13,"{'min_rr': 1.5, 'book_min_triggers': 1, 'book_require_vwap': False, 'adx_min': 25, 'atr_sl_mult': 1.5, 'cost_buffer': 1.2}"
EURUSD=X,search:book_optimal,32,34.38,0.451,-0.085,-1116.73,11.39,8883.27,"{'min_rr': 1.5, 'book_min_triggers': 1, 'book_require_vwap': False, 'adx_min': 25, 'atr_sl_mult': 1.5, 'cost_buffer': 2.0}"
EURUSD=X,search:book_optimal,33,36.36,0.518,-0.037,-1018.53,11.12,8981.47,"{'min_rr': 1.5, 'book_min_triggers': 1, 'book_require_vwap': False, 'adx_min': 25, 'atr_sl_mult': 2.0, 'cost_buffer': 1.2}"
EURUSD=X,search:book_optimal,33,36.36,0.518,-0.037,-1018.53,11.12,8981.47,"{'min_rr': 1.5, 'book_min_triggers': 1, 'book_require_vwap': False, 'adx_min': 25, 'atr_sl_mult': 2.0, 'cost_buffer': 2.0}"
EURUSD=X,search:book_optimal,7,42.86,0.925,0.243,-30.56,2.77,9969.44,"{'min_rr': 1.5, 'book_min_triggers': 2, 'book_require_vwap': True, 'adx_min': 18, 'atr_sl_mult': 1.2, 'cost_buffer': 1.2}"
EURUSD=X,search:book_optimal,7,42.86,0.925,0.243,-30.56,2.77,9969.44,"{'min_rr': 1.5, 'book_min_triggers': 2, 'book_require_vwap': True, 'adx_min': 18, 'atr_sl_mult': 1.2, 'cost_buffer': 2.0}"
EURUSD=X,search:book_optimal,7,42.86,0.925,0.243,-30.56,2.77,9969.44,"{'min_rr': 1.5, 'book_min_triggers': 2, 'book_require_vwap': True, 'adx_min': 18, 'atr_sl_mult': 1.5, 'cost_buffer': 1.2}"
EURUSD=X,search:book_optimal,7,42.86,0.925,0.243,-30.56,2.77,9969.44,"{'min_rr': 1.5, 'book_min_triggers': 2, 'book_require_vwap': True, 'adx_min': 18, 'atr_sl_mult': 1.5, 'cost_buffer': 2.0}"
EURUSD=X,search:book_optimal,7,42.86,0.925,0.243,-30.56,2.77,9969.44,"{'min_rr': 1.5, 'book_min_triggers': 2, 'book_require_vwap': True, 'adx_min': 18, 'atr_sl_mult': 2.0, 'cost_buffer': 1.2}"
EURUSD=X,search:book_optimal,7,42.86,0.925,0.243,-30.56,2.77,9969.44,"{'min_rr': 1.5, 'book_min_triggers': 2, 'book_require_vwap': True, 'adx_min': 18, 'atr_sl_mult': 2.0, 'cost_buffer': 2.0}"
EURUSD=X,search:book_optimal,9,33.33,0.53,-0.033,-322.91,3.23,9677.09,"{'min_rr': 1.5, 'book_min_triggers': 2, 'book_require_vwap': False, 'adx_min': 18, 'atr_sl_mult': 1.2, 'cost_buffer': 1.2}"
EURUSD=X,search:book_optimal,9,33.33,0.53,-0.033,-322.91,3.23,9677.09,"{'min_rr': 1.5, 'book_min_triggers': 2, 'book_require_vwap': False, 'adx_min': 18, 'atr_sl_mult': 1.2, 'cost_buffer': 2.0}"
EURUSD=X,search:book_optimal,9,33.33,0.53,-0.033,-322.91,3.23,9677.09,"{'min_rr': 1.5, 'book_min_triggers': 2, 'book_require_vwap': False, 'adx_min': 18, 'atr_sl_mult': 1.5, 'cost_buffer': 1.2}"
EURUSD=X,search:book_optimal,9,33.33,0.53,-0.033,-322.91,3.23,9677.09,"{'min_rr': 1.5, 'book_min_triggers': 2, 'book_require_vwap': False, 'adx_min': 18, 'atr_sl_mult': 1.5, 'cost_buffer': 2.0}"
EURUSD=X,search:book_optimal,9,33.33,0.53,-0.033,-322.91,3.23,9677.09,"{'min_rr': 1.5, 'book_min_triggers': 2, 'book_require_vwap': False, 'adx_min': 18, 'atr_sl_mult': 2.0, 'cost_buffer': 1.2}"
EURUSD=X,search:book_optimal,9,33.33,0.53,-0.033,-322.91,3.23,9677.09,"{'min_rr': 1.5, 'book_min_triggers': 2, 'book_require_vwap': False, 'adx_min': 18, 'atr_sl_mult': 2.0, 'cost_buffer': 2.0}"
EURUSD=X,search:book_optimal,44,29.55,0.403,-0.172,-2032.43,20.32,7967.57,"{'min_rr': 2.0, 'book_min_triggers': 1, 'book_require_vwap': True, 'adx_min': 18, 'atr_sl_mult': 1.2, 'cost_buffer': 1.2}"
EURUSD=X,search:book_optimal,44,29.55,0.403,-0.172,-2032.43,20.32,7967.57,"{'min_rr': 2.0, 'book_min_triggers': 1, 'book_require_vwap': True, 'adx_min': 18, 'atr_sl_mult': 1.2, 'cost_buffer': 2.0}"
EURUSD=X,search:book_optimal,47,34.04,0.528,-0.047,-1609.83,17.96,8390.17,"{'min_rr': 2.0, 'book_min_triggers': 1, 'book_require_vwap': True, 'adx_min': 18, 'atr_sl_mult': 1.5, 'cost_buffer': 1.2}"
EURUSD=X,search:book_optimal,47,34.04,0.528,-0.047,-1609.83,17.96,8390.17,"{'min_rr': 2.0, 'book_min_triggers': 1, 'book_require_vwap': True, 'adx_min': 18, 'atr_sl_mult': 1.5, 'cost_buffer': 2.0}"
EURUSD=X,search:book_optimal,46,34.78,0.57,-0.03,-1358.52,14.8,8641.48,"{'min_rr': 2.0, 'book_min_triggers': 1, 'book_require_vwap': True, 'adx_min': 18, 'atr_sl_mult': 2.0, 'cost_buffer': 1.2}"
EURUSD=X,search:book_optimal,46,34.78,0.57,-0.03,-1358.52,14.8,8641.48,"{'min_rr': 2.0, 'book_min_triggers': 1, 'book_require_vwap': True, 'adx_min': 18, 'atr_sl_mult': 2.0, 'cost_buffer': 2.0}"
EURUSD=X,search:book_optimal,32,25.0,0.294,-0.278,-1745.71,17.46,8254.29,"{'min_rr': 2.0, 'book_min_triggers': 1, 'book_require_vwap': True, 'adx_min': 25, 'atr_sl_mult': 1.2, 'cost_buffer': 1.2}"
EURUSD=X,search:book_optimal,32,25.0,0.294,-0.278,-1745.71,17.46,8254.29,"{'min_rr': 2.0, 'book_min_triggers': 1, 'book_require_vwap': True, 'adx_min': 25, 'atr_sl_mult': 1.2, 'cost_buffer': 2.0}"
EURUSD=X,search:book_optimal,32,31.25,0.475,-0.091,-1181.17,13.18,8818.83,"{'min_rr': 2.0, 'book_min_triggers': 1, 'book_require_vwap': True, 'adx_min': 25, 'atr_sl_mult': 1.5, 'cost_buffer': 1.2}"
EURUSD=X,search:book_optimal,32,31.25,0.475,-0.091,-1181.17,13.18,8818.83,"{'min_rr': 2.0, 'book_min_triggers': 1, 'book_require_vwap': True, 'adx_min': 25, 'atr_sl_mult': 1.5, 'cost_buffer': 2.0}"
EURUSD=X,search:book_optimal,31,25.81,0.343,-0.231,-1449.22,14.49,8550.78,"{'min_rr': 2.0, 'book_min_triggers': 1, 'book_require_vwap': True, 'adx_min': 25, 'atr_sl_mult': 2.0, 'cost_buffer': 1.2}"
EURUSD=X,search:book_optimal,31,25.81,0.343,-0.231,-1449.22,14.49,8550.78,"{'min_rr': 2.0, 'book_min_triggers': 1, 'book_require_vwap': True, 'adx_min': 25, 'atr_sl_mult': 2.0, 'cost_buffer': 2.0}"
EURUSD=X,search:book_optimal,42,28.57,0.368,-0.204,-2068.25,20.68,7931.75,"{'min_rr': 2.0, 'book_min_triggers': 1, 'book_require_vwap': False, 'adx_min': 18, 'atr_sl_mult': 1.2, 'cost_buffer': 1.2}"
EURUSD=X,search:book_optimal,42,28.57,0.368,-0.204,-2068.25,20.68,7931.75,"{'min_rr': 2.0, 'book_min_triggers': 1, 'book_require_vwap': False, 'adx_min': 18, 'atr_sl_mult': 1.2, 'cost_buffer': 2.0}"
EURUSD=X,search:book_optimal,49,34.69,0.545,-0.025,-1597.29,16.64,8402.71,"{'min_rr': 2.0, 'book_min_triggers': 1, 'book_require_vwap': False, 'adx_min': 18, 'atr_sl_mult': 1.5, 'cost_buffer': 1.2}"
EURUSD=X,search:book_optimal,49,34.69,0.545,-0.025,-1597.29,16.64,8402.71,"{'min_rr': 2.0, 'book_min_triggers': 1, 'book_require_vwap': False, 'adx_min': 18, 'atr_sl_mult': 1.5, 'cost_buffer': 2.0}"
EURUSD=X,search:book_optimal,48,35.42,0.586,-0.008,-1355.97,13.56,8644.03,"{'min_rr': 2.0, 'book_min_triggers': 1, 'book_require_vwap': False, 'adx_min': 18, 'atr_sl_mult': 2.0, 'cost_buffer': 1.2}"
EURUSD=X,search:book_optimal,48,35.42,0.586,-0.008,-1355.97,13.56,8644.03,"{'min_rr': 2.0, 'book_min_triggers': 1, 'book_require_vwap': False, 'adx_min': 18, 'atr_sl_mult': 2.0, 'cost_buffer': 2.0}"
EURUSD=X,search:book_optimal,33,27.27,0.346,-0.209,-1620.21,16.22,8379.79,"{'min_rr': 2.0, 'book_min_triggers': 1, 'book_require_vwap': False, 'adx_min': 25, 'atr_sl_mult': 1.2, 'cost_buffer': 1.2}"
EURUSD=X,search:book_optimal,33,27.27,0.346,-0.209,-1620.21,16.22,8379.79,"{'min_rr': 2.0, 'book_min_triggers': 1, 'book_require_vwap': False, 'adx_min': 25, 'atr_sl_mult': 1.2, 'cost_buffer': 2.0}"
EURUSD=X,search:book_optimal,33,33.33,0.539,-0.027,-1038.62,12.06,8961.38,"{'min_rr': 2.0, 'book_min_triggers': 1, 'book_require_vwap': False, 'adx_min': 25, 'atr_sl_mult': 1.5, 'cost_buffer': 1.2}"
EURUSD=X,search:book_optimal,33,33.33,0.539,-0.027,-1038.62,12.06,8961.38,"{'min_rr': 2.0, 'book_min_triggers': 1, 'book_require_vwap': False, 'adx_min': 25, 'atr_sl_mult': 1.5, 'cost_buffer': 2.0}"
EURUSD=X,search:book_optimal,32,28.12,0.407,-0.161,-1310.15,13.55,8689.85,"{'min_rr': 2.0, 'book_min_triggers': 1, 'book_require_vwap': False, 'adx_min': 25, 'atr_sl_mult': 2.0, 'cost_buffer': 1.2}"
EURUSD=X,search:book_optimal,32,28.12,0.407,-0.161,-1310.15,13.55,8689.85,"{'min_rr': 2.0, 'book_min_triggers': 1, 'book_require_vwap': False, 'adx_min': 25, 'atr_sl_mult': 2.0, 'cost_buffer': 2.0}"
EURUSD=X,search:book_optimal,7,42.86,1.287,0.457,117.88,2.69,10117.88,"{'min_rr': 2.0, 'book_min_triggers': 2, 'book_require_vwap': True, 'adx_min': 18, 'atr_sl_mult': 1.2, 'cost_buffer': 1.2}"
EURUSD=X,search:book_optimal,7,42.86,1.287,0.457,117.88,2.69,10117.88,"{'min_rr': 2.0, 'book_min_triggers': 2, 'book_require_vwap': True, 'adx_min': 18, 'atr_sl_mult': 1.2, 'cost_buffer': 2.0}"
EURUSD=X,search:book_optimal,7,42.86,1.287,0.457,117.88,2.69,10117.88,"{'min_rr': 2.0, 'book_min_triggers': 2, 'book_require_vwap': True, 'adx_min': 18, 'atr_sl_mult': 1.5, 'cost_buffer': 1.2}"
EURUSD=X,search:book_optimal,7,42.86,1.287,0.457,117.88,2.69,10117.88,"{'min_rr': 2.0, 'book_min_triggers': 2, 'book_require_vwap': True, 'adx_min': 18, 'atr_sl_mult': 1.5, 'cost_buffer': 2.0}"
EURUSD=X,search:book_optimal,7,42.86,1.287,0.457,117.88,2.69,10117.88,"{'min_rr': 2.0, 'book_min_triggers': 2, 'book_require_vwap': True, 'adx_min': 18, 'atr_sl_mult': 2.0, 'cost_buffer': 1.2}"
EURUSD=X,search:book_optimal,7,42.86,1.287,0.457,117.88,2.69,10117.88,"{'min_rr': 2.0, 'book_min_triggers': 2, 'book_require_vwap': True, 'adx_min': 18, 'atr_sl_mult': 2.0, 'cost_buffer': 2.0}"
EURUSD=X,search:book_optimal,9,33.33,0.741,0.133,-178.82,2.93,9821.18,"{'min_rr': 2.0, 'book_min_triggers': 2, 'book_require_vwap': False, 'adx_min': 18, 'atr_sl_mult': 1.2, 'cost_buffer': 1.2}"
EURUSD=X,search:book_optimal,9,33.33,0.741,0.133,-178.82,2.93,9821.18,"{'min_rr': 2.0, 'book_min_triggers': 2, 'book_require_vwap': False, 'adx_min': 18, 'atr_sl_mult': 1.2, 'cost_buffer': 2.0}"
EURUSD=X,search:book_optimal,9,33.33,0.741,0.133,-178.82,2.93,9821.18,"{'min_rr': 2.0, 'book_min_triggers': 2, 'book_require_vwap': False, 'adx_min': 18, 'atr_sl_mult': 1.5, 'cost_buffer': 1.2}"
EURUSD=X,search:book_optimal,9,33.33,0.741,0.133,-178.82,2.93,9821.18,"{'min_rr': 2.0, 'book_min_triggers': 2, 'book_require_vwap': False, 'adx_min': 18, 'atr_sl_mult': 1.5, 'cost_buffer': 2.0}"
EURUSD=X,search:book_optimal,9,33.33,0.741,0.133,-178.82,2.93,9821.18,"{'min_rr': 2.0, 'book_min_triggers': 2, 'book_require_vwap': False, 'adx_min': 18, 'atr_sl_mult': 2.0, 'cost_buffer': 1.2}"
EURUSD=X,search:book_optimal,9,33.33,0.741,0.133,-178.82,2.93,9821.18,"{'min_rr': 2.0, 'book_min_triggers': 2, 'book_require_vwap': False, 'adx_min': 18, 'atr_sl_mult': 2.0, 'cost_buffer': 2.0}"
EURUSD=X,search:book_optimal,36,22.22,0.338,-0.283,-2042.14,20.42,7957.86,"{'min_rr': 3.0, 'book_min_triggers': 1, 'book_require_vwap': True, 'adx_min': 18, 'atr_sl_mult': 1.2, 'cost_buffer': 1.2}"
EURUSD=X,search:book_optimal,36,22.22,0.338,-0.283,-2042.14,20.42,7957.86,"{'min_rr': 3.0, 'book_min_triggers': 1, 'book_require_vwap': True, 'adx_min': 18, 'atr_sl_mult': 1.2, 'cost_buffer': 2.0}"
EURUSD=X,search:book_optimal,43,25.58,0.477,-0.142,-1819.13,20.14,8180.87,"{'min_rr': 3.0, 'book_min_triggers': 1, 'book_require_vwap': True, 'adx_min': 18, 'atr_sl_mult': 1.5, 'cost_buffer': 1.2}"
EURUSD=X,search:book_optimal,43,25.58,0.477,-0.142,-1819.13,20.14,8180.87,"{'min_rr': 3.0, 'book_min_triggers': 1, 'book_require_vwap': True, 'adx_min': 18, 'atr_sl_mult': 1.5, 'cost_buffer': 2.0}"
EURUSD=X,search:book_optimal,45,33.33,0.644,0.02,-1151.31,14.69,8848.69,"{'min_rr': 3.0, 'book_min_triggers': 1, 'book_require_vwap': True, 'adx_min': 18, 'atr_sl_mult': 2.0, 'cost_buffer': 1.2}"
EURUSD=X,search:book_optimal,45,33.33,0.644,0.02,-1151.31,14.69,8848.69,"{'min_rr': 3.0, 'book_min_triggers': 1, 'book_require_vwap': True, 'adx_min': 18, 'atr_sl_mult': 2.0, 'cost_buffer': 2.0}"
EURUSD=X,search:book_optimal,27,14.81,0.133,-0.529,-2032.22,20.32,7967.78,"{'min_rr': 3.0, 'book_min_triggers': 1, 'book_require_vwap': True, 'adx_min': 25, 'atr_sl_mult': 1.2, 'cost_buffer': 1.2}"
EURUSD=X,search:book_optimal,27,14.81,0.133,-0.529,-2032.22,20.32,7967.78,"{'min_rr': 3.0, 'book_min_triggers': 1, 'book_require_vwap': True, 'adx_min': 25, 'atr_sl_mult': 1.2, 'cost_buffer': 2.0}"
EURUSD=X,search:book_optimal,32,21.88,0.345,-0.257,-1643.68,16.62,8356.32,"{'min_rr': 3.0, 'book_min_triggers': 1, 'book_require_vwap': True, 'adx_min': 25, 'atr_sl_mult': 1.5, 'cost_buffer': 1.2}"
EURUSD=X,search:book_optimal,32,21.88,0.345,-0.257,-1643.68,16.62,8356.32,"{'min_rr': 3.0, 'book_min_triggers': 1, 'book_require_vwap': True, 'adx_min': 25, 'atr_sl_mult': 1.5, 'cost_buffer': 2.0}"
EURUSD=X,search:book_optimal,31,22.58,0.379,-0.231,-1454.8,14.96,8545.2,"{'min_rr': 3.0, 'book_min_triggers': 1, 'book_require_vwap': True, 'adx_min': 25, 'atr_sl_mult': 2.0, 'cost_buffer': 1.2}"
EURUSD=X,search:book_optimal,31,22.58,0.379,-0.231,-1454.8,14.96,8545.2,"{'min_rr': 3.0, 'book_min_triggers': 1, 'book_require_vwap': True, 'adx_min': 25, 'atr_sl_mult': 2.0, 'cost_buffer': 2.0}"
EURUSD=X,search:book_optimal,36,22.22,0.335,-0.283,-2039.27,20.39,7960.73,"{'min_rr': 3.0, 'book_min_triggers': 1, 'book_require_vwap': False, 'adx_min': 18, 'atr_sl_mult': 1.2, 'cost_buffer': 1.2}"
EURUSD=X,search:book_optimal,36,22.22,0.335,-0.283,-2039.27,20.39,7960.73,"{'min_rr': 3.0, 'book_min_triggers': 1, 'book_require_vwap': False, 'adx_min': 18, 'atr_sl_mult': 1.2, 'cost_buffer': 2.0}"
EURUSD=X,search:book_optimal,48,27.08,0.499,-0.098,-1891.33,19.68,8108.67,"{'min_rr': 3.0, 'book_min_triggers': 1, 'book_require_vwap': False, 'adx_min': 18, 'atr_sl_mult': 1.5, 'cost_buffer': 1.2}"
EURUSD=X,search:book_optimal,48,27.08,0.499,-0.098,-1891.33,19.68,8108.67,"{'min_rr': 3.0, 'book_min_triggers': 1, 'book_require_vwap': False, 'adx_min': 18, 'atr_sl_mult': 1.5, 'cost_buffer': 2.0}"
EURUSD=X,search:book_optimal,47,34.04,0.684,0.062,-1061.6,12.45,8938.4,"{'min_rr': 3.0, 'book_min_triggers': 1, 'book_require_vwap': False, 'adx_min': 18, 'atr_sl_mult': 2.0, 'cost_buffer': 1.2}"
EURUSD=X,search:book_optimal,47,34.04,0.684,0.062,-1061.6,12.45,8938.4,"{'min_rr': 3.0, 'book_min_triggers': 1, 'book_require_vwap': False, 'adx_min': 18, 'atr_sl_mult': 2.0, 'cost_buffer': 2.0}"
EURUSD=X,search:book_optimal,27,14.81,0.133,-0.529,-2032.22,20.32,7967.78,"{'min_rr': 3.0, 'book_min_triggers': 1, 'book_require_vwap': False, 'adx_min': 25, 'atr_sl_mult': 1.2, 'cost_buffer': 1.2}"
EURUSD=X,search:book_optimal,27,14.81,0.133,-0.529,-2032.22,20.32,7967.78,"{'min_rr': 3.0, 'book_min_triggers': 1, 'book_require_vwap': False, 'adx_min': 25, 'atr_sl_mult': 1.2, 'cost_buffer': 2.0}"
EURUSD=X,search:book_optimal,33,24.24,0.431,-0.159,-1432.21,16.36,8567.79,"{'min_rr': 3.0, 'book_min_triggers': 1, 'book_require_vwap': False, 'adx_min': 25, 'atr_sl_mult': 1.5, 'cost_buffer': 1.2}"
EURUSD=X,search:book_optimal,33,24.24,0.431,-0.159,-1432.21,16.36,8567.79,"{'min_rr': 3.0, 'book_min_triggers': 1, 'book_require_vwap': False, 'adx_min': 25, 'atr_sl_mult': 1.5, 'cost_buffer': 2.0}"
EURUSD=X,search:book_optimal,32,25.0,0.476,-0.13,-1230.37,14.87,8769.63,"{'min_rr': 3.0, 'book_min_triggers': 1, 'book_require_vwap': False, 'adx_min': 25, 'atr_sl_mult': 2.0, 'cost_buffer': 1.2}"
EURUSD=X,search:book_optimal,32,25.0,0.476,-0.13,-1230.37,14.87,8769.63,"{'min_rr': 3.0, 'book_min_triggers': 1, 'book_require_vwap': False, 'adx_min': 25, 'atr_sl_mult': 2.0, 'cost_buffer': 2.0}"
EURUSD=X,search:book_optimal,7,42.86,1.688,0.7,287.23,2.69,10287.23,"{'min_rr': 3.0, 'book_min_triggers': 2, 'book_require_vwap': True, 'adx_min': 18, 'atr_sl_mult': 1.2, 'cost_buffer': 1.2}"
EURUSD=X,search:book_optimal,7,42.86,1.688,0.7,287.23,2.69,10287.23,"{'min_rr': 3.0, 'book_min_triggers': 2, 'book_require_vwap': True, 'adx_min': 18, 'atr_sl_mult': 1.2, 'cost_buffer': 2.0}"
EURUSD=X,search:book_optimal,7,42.86,1.688,0.7,287.23,2.69,10287.23,"{'min_rr': 3.0, 'book_min_triggers': 2, 'book_require_vwap': True, 'adx_min': 18, 'atr_sl_mult': 1.5, 'cost_buffer': 1.2}"
EURUSD=X,search:book_optimal,7,42.86,1.688,0.7,287.23,2.69,10287.23,"{'min_rr': 3.0, 'book_min_triggers': 2, 'book_require_vwap': True, 'adx_min': 18, 'atr_sl_mult': 1.5, 'cost_buffer': 2.0}"
EURUSD=X,search:book_optimal,7,42.86,1.688,0.7,287.23,2.69,10287.23,"{'min_rr': 3.0, 'book_min_triggers': 2, 'book_require_vwap': True, 'adx_min': 18, 'atr_sl_mult': 2.0, 'cost_buffer': 1.2}"
EURUSD=X,search:book_optimal,7,42.86,1.688,0.7,287.23,2.69,10287.23,"{'min_rr': 3.0, 'book_min_triggers': 2, 'book_require_vwap': True, 'adx_min': 18, 'atr_sl_mult': 2.0, 'cost_buffer': 2.0}"
EURUSD=X,search:book_optimal,9,33.33,0.979,0.322,-14.45,2.93,9985.55,"{'min_rr': 3.0, 'book_min_triggers': 2, 'book_require_vwap': False, 'adx_min': 18, 'atr_sl_mult': 1.2, 'cost_buffer': 1.2}"
EURUSD=X,search:book_optimal,9,33.33,0.979,0.322,-14.45,2.93,9985.55,"{'min_rr': 3.0, 'book_min_triggers': 2, 'book_require_vwap': False, 'adx_min': 18, 'atr_sl_mult': 1.2, 'cost_buffer': 2.0}"
EURUSD=X,search:book_optimal,9,33.33,0.979,0.322,-14.45,2.93,9985.55,"{'min_rr': 3.0, 'book_min_triggers': 2, 'book_require_vwap': False, 'adx_min': 18, 'atr_sl_mult': 1.5, 'cost_buffer': 1.2}"
EURUSD=X,search:book_optimal,9,33.33,0.979,0.322,-14.45,2.93,9985.55,"{'min_rr': 3.0, 'book_min_triggers': 2, 'book_require_vwap': False, 'adx_min': 18, 'atr_sl_mult': 1.5, 'cost_buffer': 2.0}"
EURUSD=X,search:book_optimal,9,33.33,0.979,0.322,-14.45,2.93,9985.55,"{'min_rr': 3.0, 'book_min_triggers': 2, 'book_require_vwap': False, 'adx_min': 18, 'atr_sl_mult': 2.0, 'cost_buffer': 1.2}"
EURUSD=X,search:book_optimal,9,33.33,0.979,0.322,-14.45,2.93,9985.55,"{'min_rr': 3.0, 'book_min_triggers': 2, 'book_require_vwap': False, 'adx_min': 18, 'atr_sl_mult': 2.0, 'cost_buffer': 2.0}"
BTC-USD,baseline:fabris_ntz,64,37.5,0.66,-0.04,-1282.27,15.62,8717.73,
BTC-USD,baseline:breakout_adx,122,54.92,0.951,0.098,-291.59,9.63,9708.41,
BTC-USD,baseline:aziz_orb,83,43.37,0.959,0.301,-240.43,13.57,9759.57,
BTC-USD,baseline:book_optimal,41,41.46,0.996,0.177,-9.82,6.75,9990.18,
BTC-USD,search:book_optimal,49,55.1,0.888,0.15,-245.39,7.76,9754.61,"{'min_rr': 1.0, 'book_min_triggers': 1, 'book_require_vwap': True, 'adx_min': 18, 'atr_sl_mult': 1.2, 'cost_buffer': 1.2}"
BTC-USD,search:book_optimal,48,54.17,0.865,0.133,-293.23,8.21,9706.77,"{'min_rr': 1.0, 'book_min_triggers': 1, 'book_require_vwap': True, 'adx_min': 18, 'atr_sl_mult': 1.2, 'cost_buffer': 2.0}"
BTC-USD,search:book_optimal,49,55.1,0.913,0.15,-188.22,7.33,9811.78,"{'min_rr': 1.0, 'book_min_triggers': 1, 'book_require_vwap': True, 'adx_min': 18, 'atr_sl_mult': 1.5, 'cost_buffer': 1.2}"
BTC-USD,search:book_optimal,49,55.1,0.913,0.15,-188.22,7.33,9811.78,"{'min_rr': 1.0, 'book_min_triggers': 1, 'book_require_vwap': True, 'adx_min': 18, 'atr_sl_mult': 1.5, 'cost_buffer': 2.0}"
BTC-USD,search:book_optimal,49,57.14,1.07,0.205,138.19,5.44,10138.19,"{'min_rr': 1.0, 'book_min_triggers': 1, 'book_require_vwap': True, 'adx_min': 18, 'atr_sl_mult': 2.0, 'cost_buffer': 1.2}"
BTC-USD,search:book_optimal,49,57.14,1.07,0.205,138.19,5.44,10138.19,"{'min_rr': 1.0, 'book_min_triggers': 1, 'book_require_vwap': True, 'adx_min': 18, 'atr_sl_mult': 2.0, 'cost_buffer': 2.0}"
BTC-USD,search:book_optimal,35,62.86,1.289,0.311,370.3,7.01,10370.3,"{'min_rr': 1.0, 'book_min_triggers': 1, 'book_require_vwap': True, 'adx_min': 25, 'atr_sl_mult': 1.2, 'cost_buffer': 1.2}"
BTC-USD,search:book_optimal,35,62.86,1.289,0.311,370.3,7.01,10370.3,"{'min_rr': 1.0, 'book_min_triggers': 1, 'book_require_vwap': True, 'adx_min': 25, 'atr_sl_mult': 1.2, 'cost_buffer': 2.0}"
BTC-USD,search:book_optimal,35,62.86,1.325,0.311,410.47,6.79,10410.47,"{'min_rr': 1.0, 'book_min_triggers': 1, 'book_require_vwap': True, 'adx_min': 25, 'atr_sl_mult': 1.5, 'cost_buffer': 1.2}"
BTC-USD,search:book_optimal,35,62.86,1.325,0.311,410.47,6.79,10410.47,"{'min_rr': 1.0, 'book_min_triggers': 1, 'book_require_vwap': True, 'adx_min': 25, 'atr_sl_mult': 1.5, 'cost_buffer': 2.0}"
BTC-USD,search:book_optimal,34,61.76,1.371,0.311,435.82,5.94,10435.82,"{'min_rr': 1.0, 'book_min_triggers': 1, 'book_require_vwap': True, 'adx_min': 25, 'atr_sl_mult': 2.0, 'cost_buffer': 1.2}"
BTC-USD,search:book_optimal,34,61.76,1.371,0.311,435.82,5.94,10435.82,"{'min_rr': 1.0, 'book_min_triggers': 1, 'book_require_vwap': True, 'adx_min': 25, 'atr_sl_mult': 2.0, 'cost_buffer': 2.0}"
BTC-USD,search:book_optimal,49,53.06,0.811,0.11,-438.32,7.76,9561.68,"{'min_rr': 1.0, 'book_min_triggers': 1, 'book_require_vwap': False, 'adx_min': 18, 'atr_sl_mult': 1.2, 'cost_buffer': 1.2}"
BTC-USD,search:book_optimal,48,52.08,0.79,0.091,-485.21,8.21,9514.79,"{'min_rr': 1.0, 'book_min_triggers': 1, 'book_require_vwap': False, 'adx_min': 18, 'atr_sl_mult': 1.2, 'cost_buffer': 2.0}"
BTC-USD,search:book_optimal,49,53.06,0.833,0.11,-382.28,7.33,9617.72,"{'min_rr': 1.0, 'book_min_triggers': 1, 'book_require_vwap': False, 'adx_min': 18, 'atr_sl_mult': 1.5, 'cost_buffer': 1.2}"
BTC-USD,search:book_optimal,49,53.06,0.833,0.11,-382.28,7.33,9617.72,"{'min_rr': 1.0, 'book_min_triggers': 1, 'book_require_vwap': False, 'adx_min': 18, 'atr_sl_mult': 1.5, 'cost_buffer': 2.0}"
BTC-USD,search:book_optimal,49,55.1,0.971,0.164,-62.33,5.44,9937.67,"{'min_rr': 1.0, 'book_min_triggers': 1, 'book_require_vwap': False, 'adx_min': 18, 'atr_sl_mult': 2.0, 'cost_buffer': 1.2}"
BTC-USD,search:book_optimal,49,55.1,0.971,0.164,-62.33,5.44,9937.67,"{'min_rr': 1.0, 'book_min_triggers': 1, 'book_require_vwap': False, 'adx_min': 18, 'atr_sl_mult': 2.0, 'cost_buffer': 2.0}"
BTC-USD,search:book_optimal,36,61.11,1.164,0.275,233.23,7.01,10233.23,"{'min_rr': 1.0, 'book_min_triggers': 1, 'book_require_vwap': False, 'adx_min': 25, 'atr_sl_mult': 1.2, 'cost_buffer': 1.2}"
BTC-USD,search:book_optimal,36,61.11,1.164,0.275,233.23,7.01,10233.23,"{'min_rr': 1.0, 'book_min_triggers': 1, 'book_require_vwap': False, 'adx_min': 25, 'atr_sl_mult': 1.2, 'cost_buffer': 2.0}"
BTC-USD,search:book_optimal,36,61.11,1.195,0.275,272.87,6.79,10272.87,"{'min_rr': 1.0, 'book_min_triggers': 1, 'book_require_vwap': False, 'adx_min': 25, 'atr_sl_mult': 1.5, 'cost_buffer': 1.2}"
BTC-USD,search:book_optimal,36,61.11,1.195,0.275,272.87,6.79,10272.87,"{'min_rr': 1.0, 'book_min_triggers': 1, 'book_require_vwap': False, 'adx_min': 25, 'atr_sl_mult': 1.5, 'cost_buffer': 2.0}"
BTC-USD,search:book_optimal,35,60.0,1.227,0.273,297.88,5.94,10297.88,"{'min_rr': 1.0, 'book_min_triggers': 1, 'book_require_vwap': False, 'adx_min': 25, 'atr_sl_mult': 2.0, 'cost_buffer': 1.2}"
BTC-USD,search:book_optimal,35,60.0,1.227,0.273,297.88,5.94,10297.88,"{'min_rr': 1.0, 'book_min_triggers': 1, 'book_require_vwap': False, 'adx_min': 25, 'atr_sl_mult': 2.0, 'cost_buffer': 2.0}"
BTC-USD,search:book_optimal,11,63.64,1.502,0.346,192.67,1.94,10192.67,"{'min_rr': 1.0, 'book_min_triggers': 2, 'book_require_vwap': True, 'adx_min': 18, 'atr_sl_mult': 1.2, 'cost_buffer': 1.2}"
BTC-USD,search:book_optimal,11,63.64,1.502,0.346,192.67,1.94,10192.67,"{'min_rr': 1.0, 'book_min_triggers': 2, 'book_require_vwap': True, 'adx_min': 18, 'atr_sl_mult': 1.2, 'cost_buffer': 2.0}"
BTC-USD,search:book_optimal,11,63.64,1.502,0.346,192.67,1.94,10192.67,"{'min_rr': 1.0, 'book_min_triggers': 2, 'book_require_vwap': True, 'adx_min': 18, 'atr_sl_mult': 1.5, 'cost_buffer': 1.2}"
BTC-USD,search:book_optimal,11,63.64,1.502,0.346,192.67,1.94,10192.67,"{'min_rr': 1.0, 'book_min_triggers': 2, 'book_require_vwap': True, 'adx_min': 18, 'atr_sl_mult': 1.5, 'cost_buffer': 2.0}"
BTC-USD,search:book_optimal,11,63.64,1.502,0.346,192.67,1.94,10192.67,"{'min_rr': 1.0, 'book_min_triggers': 2, 'book_require_vwap': True, 'adx_min': 18, 'atr_sl_mult': 2.0, 'cost_buffer': 1.2}"
BTC-USD,search:book_optimal,11,63.64,1.502,0.346,192.67,1.94,10192.67,"{'min_rr': 1.0, 'book_min_triggers': 2, 'book_require_vwap': True, 'adx_min': 18, 'atr_sl_mult': 2.0, 'cost_buffer': 2.0}"
BTC-USD,search:book_optimal,6,66.67,1.368,0.333,89.25,1.52,10089.25,"{'min_rr': 1.0, 'book_min_triggers': 2, 'book_require_vwap': True, 'adx_min': 25, 'atr_sl_mult': 1.2, 'cost_buffer': 1.2}"
BTC-USD,search:book_optimal,6,66.67,1.368,0.333,89.25,1.52,10089.25,"{'min_rr': 1.0, 'book_min_triggers': 2, 'book_require_vwap': True, 'adx_min': 25, 'atr_sl_mult': 1.2, 'cost_buffer': 2.0}"
BTC-USD,search:book_optimal,6,66.67,1.368,0.333,89.25,1.52,10089.25,"{'min_rr': 1.0, 'book_min_triggers': 2, 'book_require_vwap': True, 'adx_min': 25, 'atr_sl_mult': 1.5, 'cost_buffer': 1.2}"
BTC-USD,search:book_optimal,6,66.67,1.368,0.333,89.25,1.52,10089.25,"{'min_rr': 1.0, 'book_min_triggers': 2, 'book_require_vwap': True, 'adx_min': 25, 'atr_sl_mult': 1.5, 'cost_buffer': 2.0}"
BTC-USD,search:book_optimal,6,66.67,1.368,0.333,89.25,1.52,10089.25,"{'min_rr': 1.0, 'book_min_triggers': 2, 'book_require_vwap': True, 'adx_min': 25, 'atr_sl_mult': 2.0, 'cost_buffer': 1.2}"
BTC-USD,search:book_optimal,6,66.67,1.368,0.333,89.25,1.52,10089.25,"{'min_rr': 1.0, 'book_min_triggers': 2, 'book_require_vwap': True, 'adx_min': 25, 'atr_sl_mult': 2.0, 'cost_buffer': 2.0}"
BTC-USD,search:book_optimal,11,63.64,1.502,0.346,192.67,1.94,10192.67,"{'min_rr': 1.0, 'book_min_triggers': 2, 'book_require_vwap': False, 'adx_min': 18, 'atr_sl_mult': 1.2, 'cost_buffer': 1.2}"
BTC-USD,search:book_optimal,11,63.64,1.502,0.346,192.67,1.94,10192.67,"{'min_rr': 1.0, 'book_min_triggers': 2, 'book_require_vwap': False, 'adx_min': 18, 'atr_sl_mult': 1.2, 'cost_buffer': 2.0}"
BTC-USD,search:book_optimal,11,63.64,1.502,0.346,192.67,1.94,10192.67,"{'min_rr': 1.0, 'book_min_triggers': 2, 'book_require_vwap': False, 'adx_min': 18, 'atr_sl_mult': 1.5, 'cost_buffer': 1.2}"
BTC-USD,search:book_optimal,11,63.64,1.502,0.346,192.67,1.94,10192.67,"{'min_rr': 1.0, 'book_min_triggers': 2, 'book_require_vwap': False, 'adx_min': 18, 'atr_sl_mult': 1.5, 'cost_buffer': 2.0}"
BTC-USD,search:book_optimal,11,63.64,1.502,0.346,192.67,1.94,10192.67,"{'min_rr': 1.0, 'book_min_triggers': 2, 'book_require_vwap': False, 'adx_min': 18, 'atr_sl_mult': 2.0, 'cost_buffer': 1.2}"
BTC-USD,search:book_optimal,11,63.64,1.502,0.346,192.67,1.94,10192.67,"{'min_rr': 1.0, 'book_min_triggers': 2, 'book_require_vwap': False, 'adx_min': 18, 'atr_sl_mult': 2.0, 'cost_buffer': 2.0}"
BTC-USD,search:book_optimal,6,66.67,1.368,0.333,89.25,1.52,10089.25,"{'min_rr': 1.0, 'book_min_triggers': 2, 'book_require_vwap': False, 'adx_min': 25, 'atr_sl_mult': 1.2, 'cost_buffer': 1.2}"
BTC-USD,search:book_optimal,6,66.67,1.368,0.333,89.25,1.52,10089.25,"{'min_rr': 1.0, 'book_min_triggers': 2, 'book_require_vwap': False, 'adx_min': 25, 'atr_sl_mult': 1.2, 'cost_buffer': 2.0}"
BTC-USD,search:book_optimal,6,66.67,1.368,0.333,89.25,1.52,10089.25,"{'min_rr': 1.0, 'book_min_triggers': 2, 'book_require_vwap': False, 'adx_min': 25, 'atr_sl_mult': 1.5, 'cost_buffer': 1.2}"
BTC-USD,search:book_optimal,6,66.67,1.368,0.333,89.25,1.52,10089.25,"{'min_rr': 1.0, 'book_min_triggers': 2, 'book_require_vwap': False, 'adx_min': 25, 'atr_sl_mult': 1.5, 'cost_buffer': 2.0}"
BTC-USD,search:book_optimal,6,66.67,1.368,0.333,89.25,1.52,10089.25,"{'min_rr': 1.0, 'book_min_triggers': 2, 'book_require_vwap': False, 'adx_min': 25, 'atr_sl_mult': 2.0, 'cost_buffer': 1.2}"
BTC-USD,search:book_optimal,6,66.67,1.368,0.333,89.25,1.52,10089.25,"{'min_rr': 1.0, 'book_min_triggers': 2, 'book_require_vwap': False, 'adx_min': 25, 'atr_sl_mult': 2.0, 'cost_buffer': 2.0}"
BTC-USD,search:book_optimal,44,47.73,1.016,0.201,35.72,5.54,10035.72,"{'min_rr': 1.5, 'book_min_triggers': 1, 'book_require_vwap': True, 'adx_min': 18, 'atr_sl_mult': 1.2, 'cost_buffer': 1.2}"
BTC-USD,search:book_optimal,44,47.73,1.016,0.201,35.72,5.54,10035.72,"{'min_rr': 1.5, 'book_min_triggers': 1, 'book_require_vwap': True, 'adx_min': 18, 'atr_sl_mult': 1.2, 'cost_buffer': 2.0}"
BTC-USD,search:book_optimal,46,45.65,0.928,0.148,-178.38,6.82,9821.62,"{'min_rr': 1.5, 'book_min_triggers': 1, 'book_require_vwap': True, 'adx_min': 18, 'atr_sl_mult': 1.5, 'cost_buffer': 1.2}"
BTC-USD,search:book_optimal,46,45.65,0.928,0.148,-178.38,6.82,9821.62,"{'min_rr': 1.5, 'book_min_triggers': 1, 'book_require_vwap': True, 'adx_min': 18, 'atr_sl_mult': 1.5, 'cost_buffer': 2.0}"
BTC-USD,search:book_optimal,43,44.19,0.889,0.112,-256.79,7.67,9743.21,"{'min_rr': 1.5, 'book_min_triggers': 1, 'book_require_vwap': True, 'adx_min': 18, 'atr_sl_mult': 2.0, 'cost_buffer': 1.2}"
BTC-USD,search:book_optimal,43,44.19,0.889,0.112,-256.79,7.67,9743.21,"{'min_rr': 1.5, 'book_min_triggers': 1, 'book_require_vwap': True, 'adx_min': 18, 'atr_sl_mult': 2.0, 'cost_buffer': 2.0}"
BTC-USD,search:book_optimal,31,61.29,1.898,0.528,1069.76,3.55,11069.76,"{'min_rr': 1.5, 'book_min_triggers': 1, 'book_require_vwap': True, 'adx_min': 25, 'atr_sl_mult': 1.2, 'cost_buffer': 1.2}"
BTC-USD,search:book_optimal,31,61.29,1.898,0.528,1069.76,3.55,11069.76,"{'min_rr': 1.5, 'book_min_triggers': 1, 'book_require_vwap': True, 'adx_min': 25, 'atr_sl_mult': 1.2, 'cost_buffer': 2.0}"
BTC-USD,search:book_optimal,33,57.58,1.569,0.435,814.39,5.86,10814.39,"{'min_rr': 1.5, 'book_min_triggers': 1, 'book_require_vwap': True, 'adx_min': 25, 'atr_sl_mult': 1.5, 'cost_buffer': 1.2}"
BTC-USD,search:book_optimal,33,57.58,1.569,0.435,814.39,5.86,10814.39,"{'min_rr': 1.5, 'book_min_triggers': 1, 'book_require_vwap': True, 'adx_min': 25, 'atr_sl_mult': 1.5, 'cost_buffer': 2.0}"
BTC-USD,search:book_optimal,31,58.06,1.655,0.447,833.98,4.46,10833.98,"{'min_rr': 1.5, 'book_min_triggers': 1, 'book_require_vwap': True, 'adx_min': 25, 'atr_sl_mult': 2.0, 'cost_buffer': 1.2}"
BTC-USD,search:book_optimal,31,58.06,1.655,0.447,833.98,4.46,10833.98,"{'min_rr': 1.5, 'book_min_triggers': 1, 'book_require_vwap': True, 'adx_min': 25, 'atr_sl_mult': 2.0, 'cost_buffer': 2.0}"
BTC-USD,search:book_optimal,45,44.44,0.894,0.132,-265.36,5.79,9734.64,"{'min_rr': 1.5, 'book_min_triggers': 1, 'book_require_vwap': False, 'adx_min': 18, 'atr_sl_mult': 1.2, 'cost_buffer': 1.2}"
BTC-USD,search:book_optimal,45,44.44,0.894,0.132,-265.36,5.79,9734.64,"{'min_rr': 1.5, 'book_min_triggers': 1, 'book_require_vwap': False, 'adx_min': 18, 'atr_sl_mult': 1.2, 'cost_buffer': 2.0}"
BTC-USD,search:book_optimal,46,43.48,0.861,0.107,-363.15,6.82,9636.85,"{'min_rr': 1.5, 'book_min_triggers': 1, 'book_require_vwap': False, 'adx_min': 18, 'atr_sl_mult': 1.5, 'cost_buffer': 1.2}"
BTC-USD,search:book_optimal,46,43.48,0.861,0.107,-363.15,6.82,9636.85,"{'min_rr': 1.5, 'book_min_triggers': 1, 'book_require_vwap': False, 'adx_min': 18, 'atr_sl_mult': 1.5, 'cost_buffer': 2.0}"
BTC-USD,search:book_optimal,43,41.86,0.82,0.068,-440.08,7.67,9559.92,"{'min_rr': 1.5, 'book_min_triggers': 1, 'book_require_vwap': False, 'adx_min': 18, 'atr_sl_mult': 2.0, 'cost_buffer': 1.2}"
BTC-USD,search:book_optimal,43,41.86,0.82,0.068,-440.08,7.67,9559.92,"{'min_rr': 1.5, 'book_min_triggers': 1, 'book_require_vwap': False, 'adx_min': 18, 'atr_sl_mult': 2.0, 'cost_buffer': 2.0}"
BTC-USD,search:book_optimal,32,59.38,1.689,0.48,923.42,3.55,10923.42,"{'min_rr': 1.5, 'book_min_triggers': 1, 'book_require_vwap': False, 'adx_min': 25, 'atr_sl_mult': 1.2, 'cost_buffer': 1.2}"
BTC-USD,search:book_optimal,32,59.38,1.689,0.48,923.42,3.55,10923.42,"{'min_rr': 1.5, 'book_min_triggers': 1, 'book_require_vwap': False, 'adx_min': 25, 'atr_sl_mult': 1.2, 'cost_buffer': 2.0}"
BTC-USD,search:book_optimal,34,55.88,1.426,0.393,671.43,5.86,10671.43,"{'min_rr': 1.5, 'book_min_triggers': 1, 'book_require_vwap': False, 'adx_min': 25, 'atr_sl_mult': 1.5, 'cost_buffer': 1.2}"
BTC-USD,search:book_optimal,34,55.88,1.426,0.393,671.43,5.86,10671.43,"{'min_rr': 1.5, 'book_min_triggers': 1, 'book_require_vwap': False, 'adx_min': 25, 'atr_sl_mult': 1.5, 'cost_buffer': 2.0}"
BTC-USD,search:book_optimal,32,56.25,1.488,0.402,690.76,4.46,10690.76,"{'min_rr': 1.5, 'book_min_triggers': 1, 'book_require_vwap': False, 'adx_min': 25, 'atr_sl_mult': 2.0, 'cost_buffer': 1.2}"
BTC-USD,search:book_optimal,32,56.25,1.488,0.402,690.76,4.46,10690.76,"{'min_rr': 1.5, 'book_min_triggers': 1, 'book_require_vwap': False, 'adx_min': 25, 'atr_sl_mult': 2.0, 'cost_buffer': 2.0}"
BTC-USD,search:book_optimal,11,63.64,1.909,0.488,351.33,1.54,10351.33,"{'min_rr': 1.5, 'book_min_triggers': 2, 'book_require_vwap': True, 'adx_min': 18, 'atr_sl_mult': 1.2, 'cost_buffer': 1.2}"
BTC-USD,search:book_optimal,11,63.64,1.909,0.488,351.33,1.54,10351.33,"{'min_rr': 1.5, 'book_min_triggers': 2, 'book_require_vwap': True, 'adx_min': 18, 'atr_sl_mult': 1.2, 'cost_buffer': 2.0}"
BTC-USD,search:book_optimal,11,63.64,1.909,0.488,351.33,1.54,10351.33,"{'min_rr': 1.5, 'book_min_triggers': 2, 'book_require_vwap': True, 'adx_min': 18, 'atr_sl_mult': 1.5, 'cost_buffer': 1.2}"
BTC-USD,search:book_optimal,11,63.64,1.909,0.488,351.33,1.54,10351.33,"{'min_rr': 1.5, 'book_min_triggers': 2, 'book_require_vwap': True, 'adx_min': 18, 'atr_sl_mult': 1.5, 'cost_buffer': 2.0}"
BTC-USD,search:book_optimal,11,63.64,1.909,0.488,351.33,1.54,10351.33,"{'min_rr': 1.5, 'book_min_triggers': 2, 'book_require_vwap': True, 'adx_min': 18, 'atr_sl_mult': 2.0, 'cost_buffer': 1.2}"
BTC-USD,search:book_optimal,11,63.64,1.909,0.488,351.33,1.54,10351.33,"{'min_rr': 1.5, 'book_min_triggers': 2, 'book_require_vwap': True, 'adx_min': 18, 'atr_sl_mult': 2.0, 'cost_buffer': 2.0}"
BTC-USD,search:book_optimal,6,66.67,1.554,0.41,134.89,1.95,10134.89,"{'min_rr': 1.5, 'book_min_triggers': 2, 'book_require_vwap': True, 'adx_min': 25, 'atr_sl_mult': 1.2, 'cost_buffer': 1.2}"
BTC-USD,search:book_optimal,6,66.67,1.554,0.41,134.89,1.95,10134.89,"{'min_rr': 1.5, 'book_min_triggers': 2, 'book_require_vwap': True, 'adx_min': 25, 'atr_sl_mult': 1.2, 'cost_buffer': 2.0}"
BTC-USD,search:book_optimal,6,66.67,1.554,0.41,134.89,1.95,10134.89,"{'min_rr': 1.5, 'book_min_triggers': 2, 'book_require_vwap': True, 'adx_min': 25, 'atr_sl_mult': 1.5, 'cost_buffer': 1.2}"
BTC-USD,search:book_optimal,6,66.67,1.554,0.41,134.89,1.95,10134.89,"{'min_rr': 1.5, 'book_min_triggers': 2, 'book_require_vwap': True, 'adx_min': 25, 'atr_sl_mult': 1.5, 'cost_buffer': 2.0}"
BTC-USD,search:book_optimal,6,66.67,1.554,0.41,134.89,1.95,10134.89,"{'min_rr': 1.5, 'book_min_triggers': 2, 'book_require_vwap': True, 'adx_min': 25, 'atr_sl_mult': 2.0, 'cost_buffer': 1.2}"
BTC-USD,search:book_optimal,6,66.67,1.554,0.41,134.89,1.95,10134.89,"{'min_rr': 1.5, 'book_min_triggers': 2, 'book_require_vwap': True, 'adx_min': 25, 'atr_sl_mult': 2.0, 'cost_buffer': 2.0}"
BTC-USD,search:book_optimal,11,63.64,1.909,0.488,351.33,1.54,10351.33,"{'min_rr': 1.5, 'book_min_triggers': 2, 'book_require_vwap': False, 'adx_min': 18, 'atr_sl_mult': 1.2, 'cost_buffer': 1.2}"
BTC-USD,search:book_optimal,11,63.64,1.909,0.488,351.33,1.54,10351.33,"{'min_rr': 1.5, 'book_min_triggers': 2, 'book_require_vwap': False, 'adx_min': 18, 'atr_sl_mult': 1.2, 'cost_buffer': 2.0}"
BTC-USD,search:book_optimal,11,63.64,1.909,0.488,351.33,1.54,10351.33,"{'min_rr': 1.5, 'book_min_triggers': 2, 'book_require_vwap': False, 'adx_min': 18, 'atr_sl_mult': 1.5, 'cost_buffer': 1.2}"
BTC-USD,search:book_optimal,11,63.64,1.909,0.488,351.33,1.54,10351.33,"{'min_rr': 1.5, 'book_min_triggers': 2, 'book_require_vwap': False, 'adx_min': 18, 'atr_sl_mult': 1.5, 'cost_buffer': 2.0}"
BTC-USD,search:book_optimal,11,63.64,1.909,0.488,351.33,1.54,10351.33,"{'min_rr': 1.5, 'book_min_triggers': 2, 'book_require_vwap': False, 'adx_min': 18, 'atr_sl_mult': 2.0, 'cost_buffer': 1.2}"
BTC-USD,search:book_optimal,11,63.64,1.909,0.488,351.33,1.54,10351.33,"{'min_rr': 1.5, 'book_min_triggers': 2, 'book_require_vwap': False, 'adx_min': 18, 'atr_sl_mult': 2.0, 'cost_buffer': 2.0}"
BTC-USD,search:book_optimal,6,66.67,1.554,0.41,134.89,1.95,10134.89,"{'min_rr': 1.5, 'book_min_triggers': 2, 'book_require_vwap': False, 'adx_min': 25, 'atr_sl_mult': 1.2, 'cost_buffer': 1.2}"
BTC-USD,search:book_optimal,6,66.67,1.554,0.41,134.89,1.95,10134.89,"{'min_rr': 1.5, 'book_min_triggers': 2, 'book_require_vwap': False, 'adx_min': 25, 'atr_sl_mult': 1.2, 'cost_buffer': 2.0}"
BTC-USD,search:book_optimal,6,66.67,1.554,0.41,134.89,1.95,10134.89,"{'min_rr': 1.5, 'book_min_triggers': 2, 'book_require_vwap': False, 'adx_min': 25, 'atr_sl_mult': 1.5, 'cost_buffer': 1.2}"
BTC-USD,search:book_optimal,6,66.67,1.554,0.41,134.89,1.95,10134.89,"{'min_rr': 1.5, 'book_min_triggers': 2, 'book_require_vwap': False, 'adx_min': 25, 'atr_sl_mult': 1.5, 'cost_buffer': 2.0}"
BTC-USD,search:book_optimal,6,66.67,1.554,0.41,134.89,1.95,10134.89,"{'min_rr': 1.5, 'book_min_triggers': 2, 'book_require_vwap': False, 'adx_min': 25, 'atr_sl_mult': 2.0, 'cost_buffer': 1.2}"
BTC-USD,search:book_optimal,6,66.67,1.554,0.41,134.89,1.95,10134.89,"{'min_rr': 1.5, 'book_min_triggers': 2, 'book_require_vwap': False, 'adx_min': 25, 'atr_sl_mult': 2.0, 'cost_buffer': 2.0}"
BTC-USD,search:book_optimal,43,37.21,0.808,0.068,-525.64,10.51,9474.36,"{'min_rr': 2.0, 'book_min_triggers': 1, 'book_require_vwap': True, 'adx_min': 18, 'atr_sl_mult': 1.2, 'cost_buffer': 1.2}"
BTC-USD,search:book_optimal,43,37.21,0.808,0.068,-525.64,10.51,9474.36,"{'min_rr': 2.0, 'book_min_triggers': 1, 'book_require_vwap': True, 'adx_min': 18, 'atr_sl_mult': 1.2, 'cost_buffer': 2.0}"
BTC-USD,search:book_optimal,43,39.53,0.928,0.138,-190.18,7.79,9809.82,"{'min_rr': 2.0, 'book_min_triggers': 1, 'book_require_vwap': True, 'adx_min': 18, 'atr_sl_mult': 1.5, 'cost_buffer': 1.2}"
BTC-USD,search:book_optimal,43,39.53,0.928,0.138,-190.18,7.79,9809.82,"{'min_rr': 2.0, 'book_min_triggers': 1, 'book_require_vwap': True, 'adx_min': 18, 'atr_sl_mult': 1.5, 'cost_buffer': 2.0}"
BTC-USD,search:book_optimal,43,39.53,0.97,0.154,-76.4,7.0,9923.6,"{'min_rr': 2.0, 'book_min_triggers': 1, 'book_require_vwap': True, 'adx_min': 18, 'atr_sl_mult': 2.0, 'cost_buffer': 1.2}"
BTC-USD,search:book_optimal,43,39.53,0.97,0.154,-76.4,7.0,9923.6,"{'min_rr': 2.0, 'book_min_triggers': 1, 'book_require_vwap': True, 'adx_min': 18, 'atr_sl_mult': 2.0, 'cost_buffer': 2.0}"
BTC-USD,search:book_optimal,33,54.55,1.675,0.53,1113.87,5.15,11113.87,"{'min_rr': 2.0, 'book_min_triggers': 1, 'book_require_vwap': True, 'adx_min': 25, 'atr_sl_mult': 1.2, 'cost_buffer': 1.2}"
BTC-USD,search:book_optimal,33,54.55,1.675,0.53,1113.87,5.15,11113.87,"{'min_rr': 2.0, 'book_min_triggers': 1, 'book_require_vwap': True, 'adx_min': 25, 'atr_sl_mult': 1.2, 'cost_buffer': 2.0}"
BTC-USD,search:book_optimal,33,54.55,1.706,0.53,1150.21,4.93,11150.21,"{'min_rr': 2.0, 'book_min_triggers': 1, 'book_require_vwap': True, 'adx_min': 25, 'atr_sl_mult': 1.5, 'cost_buffer': 1.2}"
BTC-USD,search:book_optimal,33,54.55,1.706,0.53,1150.21,4.93,11150.21,"{'min_rr': 2.0, 'book_min_triggers': 1, 'book_require_vwap': True, 'adx_min': 25, 'atr_sl_mult': 1.5, 'cost_buffer': 2.0}"
BTC-USD,search:book_optimal,33,54.55,1.82,0.551,1262.35,4.06,11262.35,"{'min_rr': 2.0, 'book_min_triggers': 1, 'book_require_vwap': True, 'adx_min': 25, 'atr_sl_mult': 2.0, 'cost_buffer': 1.2}"
BTC-USD,search:book_optimal,33,54.55,1.82,0.551,1262.35,4.06,11262.35,"{'min_rr': 2.0, 'book_min_triggers': 1, 'book_require_vwap': True, 'adx_min': 25, 'atr_sl_mult': 2.0, 'cost_buffer': 2.0}"
BTC-USD,search:book_optimal,44,34.09,0.726,0.001,-809.89,11.53,9190.11,"{'min_rr': 2.0, 'book_min_triggers': 1, 'book_require_vwap': False, 'adx_min': 18, 'atr_sl_mult': 1.2, 'cost_buffer': 1.2}"
BTC-USD,search:book_optimal,44,34.09,0.726,0.001,-809.89,11.53,9190.11,"{'min_rr': 2.0, 'book_min_triggers': 1, 'book_require_vwap': False, 'adx_min': 18, 'atr_sl_mult': 1.2, 'cost_buffer': 2.0}"
BTC-USD,search:book_optimal,44,36.36,0.831,0.069,-481.8,8.82,9518.2,"{'min_rr': 2.0, 'book_min_triggers': 1, 'book_require_vwap': False, 'adx_min': 18, 'atr_sl_mult': 1.5, 'cost_buffer': 1.2}"
BTC-USD,search:book_optimal,44,36.36,0.831,0.069,-481.8,8.82,9518.2,"{'min_rr': 2.0, 'book_min_triggers': 1, 'book_require_vwap': False, 'adx_min': 18, 'atr_sl_mult': 1.5, 'cost_buffer': 2.0}"
BTC-USD,search:book_optimal,44,36.36,0.867,0.084,-368.66,8.0,9631.34,"{'min_rr': 2.0, 'book_min_triggers': 1, 'book_require_vwap': False, 'adx_min': 18, 'atr_sl_mult': 2.0, 'cost_buffer': 1.2}"
BTC-USD,search:book_optimal,44,36.36,0.867,0.084,-368.66,8.0,9631.34,"{'min_rr': 2.0, 'book_min_triggers': 1, 'book_require_vwap': False, 'adx_min': 18, 'atr_sl_mult': 2.0, 'cost_buffer': 2.0}"
BTC-USD,search:book_optimal,34,52.94,1.537,0.485,966.92,5.15,10966.92,"{'min_rr': 2.0, 'book_min_triggers': 1, 'book_require_vwap': False, 'adx_min': 25, 'atr_sl_mult': 1.2, 'cost_buffer': 1.2}"
BTC-USD,search:book_optimal,34,52.94,1.537,0.485,966.92,5.15,10966.92,"{'min_rr': 2.0, 'book_min_triggers': 1, 'book_require_vwap': False, 'adx_min': 25, 'atr_sl_mult': 1.2, 'cost_buffer': 2.0}"
BTC-USD,search:book_optimal,34,52.94,1.564,0.485,1002.79,4.93,11002.79,"{'min_rr': 2.0, 'book_min_triggers': 1, 'book_require_vwap': False, 'adx_min': 25, 'atr_sl_mult': 1.5, 'cost_buffer': 1.2}"
BTC-USD,search:book_optimal,34,52.94,1.564,0.485,1002.79,4.93,11002.79,"{'min_rr': 2.0, 'book_min_triggers': 1, 'book_require_vwap': False, 'adx_min': 25, 'atr_sl_mult': 1.5, 'cost_buffer': 2.0}"
BTC-USD,search:book_optimal,34,52.94,1.659,0.505,1113.45,4.06,11113.45,"{'min_rr': 2.0, 'book_min_triggers': 1, 'book_require_vwap': False, 'adx_min': 25, 'atr_sl_mult': 2.0, 'cost_buffer': 1.2}"
BTC-USD,search:book_optimal,34,52.94,1.659,0.505,1113.45,4.06,11113.45,"{'min_rr': 2.0, 'book_min_triggers': 1, 'book_require_vwap': False, 'adx_min': 25, 'atr_sl_mult': 2.0, 'cost_buffer': 2.0}"
BTC-USD,search:book_optimal,11,63.64,2.173,0.58,454.82,1.54,10454.82,"{'min_rr': 2.0, 'book_min_triggers': 2, 'book_require_vwap': True, 'adx_min': 18, 'atr_sl_mult': 1.2, 'cost_buffer': 1.2}"
BTC-USD,search:book_optimal,11,63.64,2.173,0.58,454.82,1.54,10454.82,"{'min_rr': 2.0, 'book_min_triggers': 2, 'book_require_vwap': True, 'adx_min': 18, 'atr_sl_mult': 1.2, 'cost_buffer': 2.0}"
BTC-USD,search:book_optimal,11,63.64,2.173,0.58,454.82,1.54,10454.82,"{'min_rr': 2.0, 'book_min_triggers': 2, 'book_require_vwap': True, 'adx_min': 18, 'atr_sl_mult': 1.5, 'cost_buffer': 1.2}"
BTC-USD,search:book_optimal,11,63.64,2.173,0.58,454.82,1.54,10454.82,"{'min_rr': 2.0, 'book_min_triggers': 2, 'book_require_vwap': True, 'adx_min': 18, 'atr_sl_mult': 1.5, 'cost_buffer': 2.0}"
BTC-USD,search:book_optimal,11,63.64,2.173,0.58,454.82,1.54,10454.82,"{'min_rr': 2.0, 'book_min_triggers': 2, 'book_require_vwap': True, 'adx_min': 18, 'atr_sl_mult': 2.0, 'cost_buffer': 1.2}"
BTC-USD,search:book_optimal,11,63.64,2.173,0.58,454.82,1.54,10454.82,"{'min_rr': 2.0, 'book_min_triggers': 2, 'book_require_vwap': True, 'adx_min': 18, 'atr_sl_mult': 2.0, 'cost_buffer': 2.0}"
BTC-USD,search:book_optimal,6,66.67,1.962,0.576,235.1,1.95,10235.1,"{'min_rr': 2.0, 'book_min_triggers': 2, 'book_require_vwap': True, 'adx_min': 25, 'atr_sl_mult': 1.2, 'cost_buffer': 1.2}"
BTC-USD,search:book_optimal,6,66.67,1.962,0.576,235.1,1.95,10235.1,"{'min_rr': 2.0, 'book_min_triggers': 2, 'book_require_vwap': True, 'adx_min': 25, 'atr_sl_mult': 1.2, 'cost_buffer': 2.0}"
BTC-USD,search:book_optimal,6,66.67,1.962,0.576,235.1,1.95,10235.1,"{'min_rr': 2.0, 'book_min_triggers': 2, 'book_require_vwap': True, 'adx_min': 25, 'atr_sl_mult': 1.5, 'cost_buffer': 1.2}"
BTC-USD,search:book_optimal,6,66.67,1.962,0.576,235.1,1.95,10235.1,"{'min_rr': 2.0, 'book_min_triggers': 2, 'book_require_vwap': True, 'adx_min': 25, 'atr_sl_mult': 1.5, 'cost_buffer': 2.0}"
BTC-USD,search:book_optimal,6,66.67,1.962,0.576,235.1,1.95,10235.1,"{'min_rr': 2.0, 'book_min_triggers': 2, 'book_require_vwap': True, 'adx_min': 25, 'atr_sl_mult': 2.0, 'cost_buffer': 1.2}"
BTC-USD,search:book_optimal,6,66.67,1.962,0.576,235.1,1.95,10235.1,"{'min_rr': 2.0, 'book_min_triggers': 2, 'book_require_vwap': True, 'adx_min': 25, 'atr_sl_mult': 2.0, 'cost_buffer': 2.0}"
BTC-USD,search:book_optimal,11,63.64,2.173,0.58,454.82,1.54,10454.82,"{'min_rr': 2.0, 'book_min_triggers': 2, 'book_require_vwap': False, 'adx_min': 18, 'atr_sl_mult': 1.2, 'cost_buffer': 1.2}"
BTC-USD,search:book_optimal,11,63.64,2.173,0.58,454.82,1.54,10454.82,"{'min_rr': 2.0, 'book_min_triggers': 2, 'book_require_vwap': False, 'adx_min': 18, 'atr_sl_mult': 1.2, 'cost_buffer': 2.0}"
BTC-USD,search:book_optimal,11,63.64,2.173,0.58,454.82,1.54,10454.82,"{'min_rr': 2.0, 'book_min_triggers': 2, 'book_require_vwap': False, 'adx_min': 18, 'atr_sl_mult': 1.5, 'cost_buffer': 1.2}"
BTC-USD,search:book_optimal,11,63.64,2.173,0.58,454.82,1.54,10454.82,"{'min_rr': 2.0, 'book_min_triggers': 2, 'book_require_vwap': False, 'adx_min': 18, 'atr_sl_mult': 1.5, 'cost_buffer': 2.0}"
BTC-USD,search:book_optimal,11,63.64,2.173,0.58,454.82,1.54,10454.82,"{'min_rr': 2.0, 'book_min_triggers': 2, 'book_require_vwap': False, 'adx_min': 18, 'atr_sl_mult': 2.0, 'cost_buffer': 1.2}"
BTC-USD,search:book_optimal,11,63.64,2.173,0.58,454.82,1.54,10454.82,"{'min_rr': 2.0, 'book_min_triggers': 2, 'book_require_vwap': False, 'adx_min': 18, 'atr_sl_mult': 2.0, 'cost_buffer': 2.0}"
BTC-USD,search:book_optimal,6,66.67,1.962,0.576,235.1,1.95,10235.1,"{'min_rr': 2.0, 'book_min_triggers': 2, 'book_require_vwap': False, 'adx_min': 25, 'atr_sl_mult': 1.2, 'cost_buffer': 1.2}"
BTC-USD,search:book_optimal,6,66.67,1.962,0.576,235.1,1.95,10235.1,"{'min_rr': 2.0, 'book_min_triggers': 2, 'book_require_vwap': False, 'adx_min': 25, 'atr_sl_mult': 1.2, 'cost_buffer': 2.0}"
BTC-USD,search:book_optimal,6,66.67,1.962,0.576,235.1,1.95,10235.1,"{'min_rr': 2.0, 'book_min_triggers': 2, 'book_require_vwap': False, 'adx_min': 25, 'atr_sl_mult': 1.5, 'cost_buffer': 1.2}"
BTC-USD,search:book_optimal,6,66.67,1.962,0.576,235.1,1.95,10235.1,"{'min_rr': 2.0, 'book_min_triggers': 2, 'book_require_vwap': False, 'adx_min': 25, 'atr_sl_mult': 1.5, 'cost_buffer': 2.0}"
BTC-USD,search:book_optimal,6,66.67,1.962,0.576,235.1,1.95,10235.1,"{'min_rr': 2.0, 'book_min_triggers': 2, 'book_require_vwap': False, 'adx_min': 25, 'atr_sl_mult': 2.0, 'cost_buffer': 1.2}"
BTC-USD,search:book_optimal,6,66.67,1.962,0.576,235.1,1.95,10235.1,"{'min_rr': 2.0, 'book_min_triggers': 2, 'book_require_vwap': False, 'adx_min': 25, 'atr_sl_mult': 2.0, 'cost_buffer': 2.0}"
BTC-USD,search:book_optimal,42,33.33,0.927,0.139,-215.08,8.84,9784.92,"{'min_rr': 3.0, 'book_min_triggers': 1, 'book_require_vwap': True, 'adx_min': 18, 'atr_sl_mult': 1.2, 'cost_buffer': 1.2}"
BTC-USD,search:book_optimal,42,33.33,0.927,0.139,-215.08,8.84,9784.92,"{'min_rr': 3.0, 'book_min_triggers': 1, 'book_require_vwap': True, 'adx_min': 18, 'atr_sl_mult': 1.2, 'cost_buffer': 2.0}"
BTC-USD,search:book_optimal,42,35.71,1.081,0.234,230.95,8.67,10230.95,"{'min_rr': 3.0, 'book_min_triggers': 1, 'book_require_vwap': True, 'adx_min': 18, 'atr_sl_mult': 1.5, 'cost_buffer': 1.2}"
BTC-USD,search:book_optimal,42,35.71,1.081,0.234,230.95,8.67,10230.95,"{'min_rr': 3.0, 'book_min_triggers': 1, 'book_require_vwap': True, 'adx_min': 18, 'atr_sl_mult': 1.5, 'cost_buffer': 2.0}"
BTC-USD,search:book_optimal,42,35.71,1.126,0.25,349.37,7.88,10349.37,"{'min_rr': 3.0, 'book_min_triggers': 1, 'book_require_vwap': True, 'adx_min': 18, 'atr_sl_mult': 2.0, 'cost_buffer': 1.2}"
BTC-USD,search:book_optimal,42,35.71,1.126,0.25,349.37,7.88,10349.37,"{'min_rr': 3.0, 'book_min_triggers': 1, 'book_require_vwap': True, 'adx_min': 18, 'atr_sl_mult': 2.0, 'cost_buffer': 2.0}"
BTC-USD,search:book_optimal,31,45.16,1.466,0.488,896.95,8.44,10896.95,"{'min_rr': 3.0, 'book_min_triggers': 1, 'book_require_vwap': True, 'adx_min': 25, 'atr_sl_mult': 1.2, 'cost_buffer': 1.2}"
BTC-USD,search:book_optimal,31,45.16,1.466,0.488,896.95,8.44,10896.95,"{'min_rr': 3.0, 'book_min_triggers': 1, 'book_require_vwap': True, 'adx_min': 25, 'atr_sl_mult': 1.2, 'cost_buffer': 2.0}"
BTC-USD,search:book_optimal,31,45.16,1.49,0.488,932.49,8.22,10932.49,"{'min_rr': 3.0, 'book_min_triggers': 1, 'book_require_vwap': True, 'adx_min': 25, 'atr_sl_mult': 1.5, 'cost_buffer': 1.2}"
BTC-USD,search:book_optimal,31,45.16,1.49,0.488,932.49,8.22,10932.49,"{'min_rr': 3.0, 'book_min_triggers': 1, 'book_require_vwap': True, 'adx_min': 25, 'atr_sl_mult': 1.5, 'cost_buffer': 2.0}"
BTC-USD,search:book_optimal,31,45.16,1.574,0.51,1042.34,7.38,11042.34,"{'min_rr': 3.0, 'book_min_triggers': 1, 'book_require_vwap': True, 'adx_min': 25, 'atr_sl_mult': 2.0, 'cost_buffer': 1.2}"
BTC-USD,search:book_optimal,31,45.16,1.574,0.51,1042.34,7.38,11042.34,"{'min_rr': 3.0, 'book_min_triggers': 1, 'book_require_vwap': True, 'adx_min': 25, 'atr_sl_mult': 2.0, 'cost_buffer': 2.0}"
BTC-USD,search:book_optimal,43,30.23,0.839,0.068,-508.54,9.84,9491.46,"{'min_rr': 3.0, 'book_min_triggers': 1, 'book_require_vwap': False, 'adx_min': 18, 'atr_sl_mult': 1.2, 'cost_buffer': 1.2}"
BTC-USD,search:book_optimal,43,30.23,0.839,0.068,-508.54,9.84,9491.46,"{'min_rr': 3.0, 'book_min_triggers': 1, 'book_require_vwap': False, 'adx_min': 18, 'atr_sl_mult': 1.2, 'cost_buffer': 2.0}"
BTC-USD,search:book_optimal,43,32.56,0.976,0.161,-73.07,9.65,9926.93,"{'min_rr': 3.0, 'book_min_triggers': 1, 'book_require_vwap': False, 'adx_min': 18, 'atr_sl_mult': 1.5, 'cost_buffer': 1.2}"
BTC-USD,search:book_optimal,43,32.56,0.976,0.161,-73.07,9.65,9926.93,"{'min_rr': 3.0, 'book_min_triggers': 1, 'book_require_vwap': False, 'adx_min': 18, 'atr_sl_mult': 1.5, 'cost_buffer': 2.0}"
BTC-USD,search:book_optimal,43,32.56,1.015,0.177,44.68,8.85,10044.68,"{'min_rr': 3.0, 'book_min_triggers': 1, 'book_require_vwap': False, 'adx_min': 18, 'atr_sl_mult': 2.0, 'cost_buffer': 1.2}"
BTC-USD,search:book_optimal,43,32.56,1.015,0.177,44.68,8.85,10044.68,"{'min_rr': 3.0, 'book_min_triggers': 1, 'book_require_vwap': False, 'adx_min': 18, 'atr_sl_mult': 2.0, 'cost_buffer': 2.0}"
BTC-USD,search:book_optimal,32,43.75,1.364,0.442,753.0,8.44,10753.0,"{'min_rr': 3.0, 'book_min_triggers': 1, 'book_require_vwap': False, 'adx_min': 25, 'atr_sl_mult': 1.2, 'cost_buffer': 1.2}"
BTC-USD,search:book_optimal,32,43.75,1.364,0.442,753.0,8.44,10753.0,"{'min_rr': 3.0, 'book_min_triggers': 1, 'book_require_vwap': False, 'adx_min': 25, 'atr_sl_mult': 1.2, 'cost_buffer': 2.0}"
BTC-USD,search:book_optimal,32,43.75,1.385,0.442,788.07,8.22,10788.07,"{'min_rr': 3.0, 'book_min_triggers': 1, 'book_require_vwap': False, 'adx_min': 25, 'atr_sl_mult': 1.5, 'cost_buffer': 1.2}"
BTC-USD,search:book_optimal,32,43.75,1.385,0.442,788.07,8.22,10788.07,"{'min_rr': 3.0, 'book_min_triggers': 1, 'book_require_vwap': False, 'adx_min': 25, 'atr_sl_mult': 1.5, 'cost_buffer': 2.0}"
BTC-USD,search:book_optimal,32,43.75,1.457,0.463,896.47,7.38,10896.47,"{'min_rr': 3.0, 'book_min_triggers': 1, 'book_require_vwap': False, 'adx_min': 25, 'atr_sl_mult': 2.0, 'cost_buffer': 1.2}"
BTC-USD,search:book_optimal,32,43.75,1.457,0.463,896.47,7.38,10896.47,"{'min_rr': 3.0, 'book_min_triggers': 1, 'book_require_vwap': False, 'adx_min': 25, 'atr_sl_mult': 2.0, 'cost_buffer': 2.0}"
BTC-USD,search:book_optimal,11,63.64,2.397,0.662,547.46,1.54,10547.46,"{'min_rr': 3.0, 'book_min_triggers': 2, 'book_require_vwap': True, 'adx_min': 18, 'atr_sl_mult': 1.2, 'cost_buffer': 1.2}"
BTC-USD,search:book_optimal,11,63.64,2.397,0.662,547.46,1.54,10547.46,"{'min_rr': 3.0, 'book_min_triggers': 2, 'book_require_vwap': True, 'adx_min': 18, 'atr_sl_mult': 1.2, 'cost_buffer': 2.0}"
BTC-USD,search:book_optimal,11,63.64,2.397,0.662,547.46,1.54,10547.46,"{'min_rr': 3.0, 'book_min_triggers': 2, 'book_require_vwap': True, 'adx_min': 18, 'atr_sl_mult': 1.5, 'cost_buffer': 1.2}"
BTC-USD,search:book_optimal,11,63.64,2.397,0.662,547.46,1.54,10547.46,"{'min_rr': 3.0, 'book_min_triggers': 2, 'book_require_vwap': True, 'adx_min': 18, 'atr_sl_mult': 1.5, 'cost_buffer': 2.0}"
BTC-USD,search:book_optimal,11,63.64,2.397,0.662,547.46,1.54,10547.46,"{'min_rr': 3.0, 'book_min_triggers': 2, 'book_require_vwap': True, 'adx_min': 18, 'atr_sl_mult': 2.0, 'cost_buffer': 1.2}"
BTC-USD,search:book_optimal,11,63.64,2.397,0.662,547.46,1.54,10547.46,"{'min_rr': 3.0, 'book_min_triggers': 2, 'book_require_vwap': True, 'adx_min': 18, 'atr_sl_mult': 2.0, 'cost_buffer': 2.0}"
BTC-USD,search:book_optimal,6,66.67,2.208,0.682,298.2,1.95,10298.2,"{'min_rr': 3.0, 'book_min_triggers': 2, 'book_require_vwap': True, 'adx_min': 25, 'atr_sl_mult': 1.2, 'cost_buffer': 1.2}"
BTC-USD,search:book_optimal,6,66.67,2.208,0.682,298.2,1.95,10298.2,"{'min_rr': 3.0, 'book_min_triggers': 2, 'book_require_vwap': True, 'adx_min': 25, 'atr_sl_mult': 1.2, 'cost_buffer': 2.0}"
BTC-USD,search:book_optimal,6,66.67,2.208,0.682,298.2,1.95,10298.2,"{'min_rr': 3.0, 'book_min_triggers': 2, 'book_require_vwap': True, 'adx_min': 25, 'atr_sl_mult': 1.5, 'cost_buffer': 1.2}"
BTC-USD,search:book_optimal,6,66.67,2.208,0.682,298.2,1.95,10298.2,"{'min_rr': 3.0, 'book_min_triggers': 2, 'book_require_vwap': True, 'adx_min': 25, 'atr_sl_mult': 1.5, 'cost_buffer': 2.0}"
BTC-USD,search:book_optimal,6,66.67,2.208,0.682,298.2,1.95,10298.2,"{'min_rr': 3.0, 'book_min_triggers': 2, 'book_require_vwap': True, 'adx_min': 25, 'atr_sl_mult': 2.0, 'cost_buffer': 1.2}"
BTC-USD,search:book_optimal,6,66.67,2.208,0.682,298.2,1.95,10298.2,"{'min_rr': 3.0, 'book_min_triggers': 2, 'book_require_vwap': True, 'adx_min': 25, 'atr_sl_mult': 2.0, 'cost_buffer': 2.0}"
BTC-USD,search:book_optimal,11,63.64,2.397,0.662,547.46,1.54,10547.46,"{'min_rr': 3.0, 'book_min_triggers': 2, 'book_require_vwap': False, 'adx_min': 18, 'atr_sl_mult': 1.2, 'cost_buffer': 1.2}"
BTC-USD,search:book_optimal,11,63.64,2.397,0.662,547.46,1.54,10547.46,"{'min_rr': 3.0, 'book_min_triggers': 2, 'book_require_vwap': False, 'adx_min': 18, 'atr_sl_mult': 1.2, 'cost_buffer': 2.0}"
BTC-USD,search:book_optimal,11,63.64,2.397,0.662,547.46,1.54,10547.46,"{'min_rr': 3.0, 'book_min_triggers': 2, 'book_require_vwap': False, 'adx_min': 18, 'atr_sl_mult': 1.5, 'cost_buffer': 1.2}"
BTC-USD,search:book_optimal,11,63.64,2.397,0.662,547.46,1.54,10547.46,"{'min_rr': 3.0, 'book_min_triggers': 2, 'book_require_vwap': False, 'adx_min': 18, 'atr_sl_mult': 1.5, 'cost_buffer': 2.0}"
BTC-USD,search:book_optimal,11,63.64,2.397,0.662,547.46,1.54,10547.46,"{'min_rr': 3.0, 'book_min_triggers': 2, 'book_require_vwap': False, 'adx_min': 18, 'atr_sl_mult': 2.0, 'cost_buffer': 1.2}"
BTC-USD,search:book_optimal,11,63.64,2.397,0.662,547.46,1.54,10547.46,"{'min_rr': 3.0, 'book_min_triggers': 2, 'book_require_vwap': False, 'adx_min': 18, 'atr_sl_mult': 2.0, 'cost_buffer': 2.0}"
BTC-USD,search:book_optimal,6,66.67,2.208,0.682,298.2,1.95,10298.2,"{'min_rr': 3.0, 'book_min_triggers': 2, 'book_require_vwap': False, 'adx_min': 25, 'atr_sl_mult': 1.2, 'cost_buffer': 1.2}"
BTC-USD,search:book_optimal,6,66.67,2.208,0.682,298.2,1.95,10298.2,"{'min_rr': 3.0, 'book_min_triggers': 2, 'book_require_vwap': False, 'adx_min': 25, 'atr_sl_mult': 1.2, 'cost_buffer': 2.0}"
BTC-USD,search:book_optimal,6,66.67,2.208,0.682,298.2,1.95,10298.2,"{'min_rr': 3.0, 'book_min_triggers': 2, 'book_require_vwap': False, 'adx_min': 25, 'atr_sl_mult': 1.5, 'cost_buffer': 1.2}"
BTC-USD,search:book_optimal,6,66.67,2.208,0.682,298.2,1.95,10298.2,"{'min_rr': 3.0, 'book_min_triggers': 2, 'book_require_vwap': False, 'adx_min': 25, 'atr_sl_mult': 1.5, 'cost_buffer': 2.0}"
BTC-USD,search:book_optimal,6,66.67,2.208,0.682,298.2,1.95,10298.2,"{'min_rr': 3.0, 'book_min_triggers': 2, 'book_require_vwap': False, 'adx_min': 25, 'atr_sl_mult': 2.0, 'cost_buffer': 1.2}"
BTC-USD,search:book_optimal,6,66.67,2.208,0.682,298.2,1.95,10298.2,"{'min_rr': 3.0, 'book_min_triggers': 2, 'book_require_vwap': False, 'adx_min': 25, 'atr_sl_mult': 2.0, 'cost_buffer': 2.0}"
