strategy,segment,start_utc,end_utc,span_days,trades,trades_per_day,win_rate,win_ci_low,win_ci_high,expectancy_r,profit_factor,max_drawdown_pct,start_equity,end_equity,net_pnl,profit_per_day,halt_reason,ambiguous_exits,skipped_entries,per_symbol_pnl
hw_range,development,2026-05-18 23:00:00+00:00,2026-07-07 08:15:00+00:00,49.385416666666664,9,0.1822400337481544,66.66666666666666,35.419734749908976,87.9418401317257,-0.25978129555793505,0.2379032103030484,3.460393882138007,100.0,96.539606117862,-3.4603938821380265,-0.07006914420697122,none,0,"{""max_positions"": 6, ""sized_down"": 2}","{""AUDUSD=X"": -2.642927, ""EURUSD=X"": 0.167425, ""NZDUSD=X"": -0.984892}"
hw_range,validation,2026-07-07 08:15:00+00:00,2026-07-23 02:50:00+00:00,15.774305555555555,3,0.19018269865727494,100.0,43.84939195509823,100.0,0.14052504434990334,inf,0.0,100.0,100.5767456586019,0.5767456586018874,0.036562348597258106,none,0,"{""max_positions"": 2, ""sized_down"": 1}","{""AUDUSD=X"": 0.26736, ""EURUSD=X"": 0.107856, ""GBPUSD=X"": 0.20153}"
hw_range,holdout,2026-07-23 02:50:00+00:00,2026-08-07 21:25:00+00:00,15.774305555555555,3,0.19018269865727494,33.33333333333333,6.14903152761605,79.23450448735122,-0.719361721638026,0.053201167021507234,3.7904782904895877,100.0,96.41117957813414,-3.5888204218658504,-0.2275105176089291,none,0,{},"{""GBPUSD=X"": -2.104498, ""NZDUSD=X"": -1.484322}"
hw_runner,development,2026-05-18 23:00:00+00:00,2026-07-07 08:15:00+00:00,49.385416666666664,27,0.5467201012444632,48.148148148148145,30.742950649709076,66.01467541378958,-0.10126285973431205,0.8478662549608729,7.246038201536706,100.0,97.3807745563984,-2.619225443601608,-0.05303641480399797,none,0,"{""gross_leverage"": 1, ""max_positions"": 16, ""sized_down"": 5}","{""AUDUSD=X"": -1.896468, ""EURUSD=X"": 0.290358, ""GBPUSD=X"": -1.228335, ""NZDUSD=X"": 0.21522}"
hw_runner,validation,2026-07-07 08:15:00+00:00,2026-07-23 02:50:00+00:00,15.774305555555555,12,0.7607307946290998,66.66666666666666,39.06175873976139,86.18821601026386,-0.2075620968452541,0.32237136933590593,6.121220210914748,100.0,94.6454353722503,-5.354564627749705,-0.33944851701340856,none,0,"{""gross_leverage"": 1, ""max_positions"": 18, ""sized_down"": 4}","{""AUDUSD=X"": -3.492099, ""EURUSD=X"": -0.494232, ""GBPUSD=X"": 0.261284, ""NZDUSD=X"": -1.629517}"
hw_runner,holdout,2026-07-23 02:50:00+00:00,2026-08-07 21:25:00+00:00,15.774305555555555,14,0.8875192604006163,35.714285714285715,16.344490737202737,61.23599531785959,-0.37425813086247034,0.3126722700070493,9.733007461036088,100.0,91.22492156471536,-8.775078435284655,-0.5562893659172311,none,0,"{""max_positions"": 10, ""sized_down"": 3}","{""AUDUSD=X"": 1.454586, ""GBPUSD=X"": -3.783932, ""NZDUSD=X"": -6.445732}"
trend_pullback,development,2026-05-18 23:00:00+00:00,2026-07-07 08:15:00+00:00,49.385416666666664,25,0.5062223159670955,72.0,52.423028103441695,85.71632616261843,-0.16779728565066168,0.3859587903127374,6.141016665356773,100.0,94.08525191460313,-5.914748085396814,-0.11976709896606079,none,0,"{""max_positions"": 11, ""sized_down"": 1}","{""AUDUSD=X"": -1.342084, ""EURUSD=X"": -0.394224, ""GBPUSD=X"": -3.175011, ""NZDUSD=X"": -1.003429}"
trend_pullback,validation,2026-07-07 08:15:00+00:00,2026-07-23 02:50:00+00:00,15.774305555555555,2,0.12678846577151662,100.0,34.23719528896193,100.0,0.15581539456747945,inf,0.0,100.0,100.42079369885566,0.42079369885565665,0.026675893742115146,none,0,{},"{""EURUSD=X"": 0.130182, ""NZDUSD=X"": 0.290612}"
trend_pullback,holdout,2026-07-23 02:50:00+00:00,2026-08-07 21:25:00+00:00,15.774305555555555,2,0.12678846577151662,0.0,0.0,65.76280471103807,-1.1548086229279364,0.0,3.748334746701275,100.0,96.25166525329873,-3.748334746701282,-0.23762280586616097,none,0,{},"{""AUDUSD=X"": -1.643837, ""GBPUSD=X"": -2.104498}"
breakout_adx,development,2026-05-18 23:00:00+00:00,2026-07-07 08:15:00+00:00,49.385416666666664,137,2.774098291499684,67.88321167883211,59.66853501218425,75.1223222345383,-0.1658487543754645,0.3333178165404004,30.326424624908334,100.0,69.85473803758717,-30.14526196241283,-0.6104081730418967,max_drawdown 30.33%,0,"{""gross_leverage"": 2, ""max_drawdown"": 20231, ""max_positions"": 175, ""min_units"": 26, ""sized_down"": 6}","{""AUDUSD=X"": -10.249086, ""EURUSD=X"": -2.607789, ""GBPUSD=X"": -5.493377, ""NZDUSD=X"": -11.79501}"
breakout_adx,validation,2026-07-07 08:15:00+00:00,2026-07-23 02:50:00+00:00,15.774305555555555,56,3.5500770416024654,62.5,49.4051260344893,73.98997035330781,-0.24845165840528396,0.20069196409585294,20.589553804227435,100.0,80.31509906666663,-19.684900933333406,-1.2479091941008191,none,0,"{""gross_leverage"": 3, ""max_positions"": 54, ""min_units"": 8, ""sized_down"": 5}","{""AUDUSD=X"": -6.129661, ""EURUSD=X"": -1.32324, ""GBPUSD=X"": -0.591849, ""NZDUSD=X"": -11.640151}"
breakout_adx,holdout,2026-07-23 02:50:00+00:00,2026-08-07 21:25:00+00:00,15.774305555555555,59,3.74025974025974,66.10169491525424,53.37223255448901,76.8625164016165,-0.16223210030587018,0.336952150585072,14.015410518057028,100.0,86.36401521359201,-13.635984786407983,-0.8644427951762049,none,0,"{""max_positions"": 58, ""min_units"": 21, ""sized_down"": 2}","{""AUDUSD=X"": -5.729116, ""EURUSD=X"": -1.514916, ""GBPUSD=X"": -5.088334, ""NZDUSD=X"": -1.303618}"
rsi_cross,development,2026-05-18 23:00:00+00:00,2026-07-07 08:15:00+00:00,49.385416666666664,93,1.8831470153975955,56.98924731182796,46.847341614888386,66.57664146676248,-0.25230643517445384,0.2583114505881403,30.61308111879234,100.0,69.430723151139,-30.56927684886104,-0.6189940049547902,max_drawdown 30.61%,0,"{""gross_leverage"": 3, ""max_drawdown"": 14588, ""max_positions"": 94, ""min_units"": 10, ""sized_down"": 11}","{""AUDUSD=X"": -9.890082, ""EURUSD=X"": -4.408755, ""GBPUSD=X"": -4.960921, ""NZDUSD=X"": -11.309519}"
rsi_cross,validation,2026-07-07 08:15:00+00:00,2026-07-23 02:50:00+00:00,15.774305555555555,31,1.9652212194585077,64.51612903225806,46.9476380428149,78.88355225843418,-0.14839328830637613,0.35821683047744474,8.422293741514325,100.0,92.756692755563,-7.243307244437021,-0.4591839063169408,none,0,"{""gross_leverage"": 1, ""max_positions"": 25, ""min_units"": 3, ""sized_down"": 4}","{""AUDUSD=X"": -4.230478, ""EURUSD=X"": -0.205269, ""GBPUSD=X"": -1.599873, ""NZDUSD=X"": -1.207688}"
rsi_cross,holdout,2026-07-23 02:50:00+00:00,2026-08-07 21:25:00+00:00,15.774305555555555,36,2.282192383887299,63.888888888888886,47.574780390831975,77.52461320781867,-0.2049350344250014,0.28521007362780304,11.08850541557642,100.0,89.32042207683781,-10.679577923162189,-0.6770236499825468,none,0,"{""max_positions"": 33, ""min_units"": 8, ""sized_down"": 5}","{""AUDUSD=X"": -1.440106, ""EURUSD=X"": -2.759911, ""GBPUSD=X"": -0.923912, ""NZDUSD=X"": -5.555648}"
squeeze_bo,development,2026-05-18 23:00:00+00:00,2026-07-07 08:15:00+00:00,49.385416666666664,65,1.3161780215144485,52.307692307692314,40.37942040227627,63.97840974693585,-0.31401797246865826,0.1639324540521355,27.39615228857296,100.0,72.60384771142704,-27.39615228857291,-0.5547417464043449,none,0,"{""gross_leverage"": 6, ""max_positions"": 42, ""sized_down"": 14}","{""AUDUSD=X"": -11.387101, ""EURUSD=X"": -4.114644, ""GBPUSD=X"": 0.669564, ""NZDUSD=X"": -12.563972}"
squeeze_bo,validation,2026-07-07 08:15:00+00:00,2026-07-23 02:50:00+00:00,15.774305555555555,14,0.8875192604006163,64.28571428571429,38.76400468214042,83.65550926279727,-0.10936858158333691,0.4827219806804955,1.9751276459021199,100.0,98.19570186001816,-1.8042981399818347,-0.11438209648134898,none,0,"{""gross_leverage"": 1, ""max_positions"": 14, ""sized_down"": 3}","{""AUDUSD=X"": -1.594038, ""EURUSD=X"": -0.934375, ""GBPUSD=X"": -0.025419, ""NZDUSD=X"": 0.749533}"
squeeze_bo,holdout,2026-07-23 02:50:00+00:00,2026-08-07 21:25:00+00:00,15.774305555555555,8,0.5071538630860665,37.5,13.684175946152106,69.42621454161981,-0.5931420959924748,0.07586866216233659,6.347010482208887,100.0,93.65298951779111,-6.347010482208898,-0.4023638606375,none,0,"{""max_positions"": 2, ""sized_down"": 1}","{""AUDUSD=X"": -2.331291, ""GBPUSD=X"": -1.163422, ""NZDUSD=X"": -2.852297}"
aziz_orb,development,2026-05-18 23:00:00+00:00,2026-07-07 08:15:00+00:00,49.385416666666664,156,3.1588272516346763,41.66666666666667,34.22132319456984,49.51257336302217,-0.21950209725752123,0.5583133473431409,30.13127327547862,100.0,69.86872672452138,-30.131273275478556,-0.6101249176220084,max_drawdown 30.13%,0,"{""daily_loss"": 1109, ""gross_leverage"": 27, ""max_drawdown"": 17908, ""max_positions"": 99, ""min_units"": 17, ""sized_down"": 127}","{""AUDUSD=X"": -11.873759, ""EURUSD=X"": -8.836037, ""GBPUSD=X"": -11.110094, ""NZDUSD=X"": 1.688617}"
aziz_orb,validation,2026-07-07 08:15:00+00:00,2026-07-23 02:50:00+00:00,15.774305555555555,101,6.402817521461589,31.683168316831683,23.423391085400684,41.28527417724314,-0.4047401747770639,0.32358763022359344,30.36301396083514,100.0,69.73242820428347,-30.267571795716496,-1.9187894953040614,max_drawdown 30.36%,0,"{""daily_loss"": 527, ""gross_leverage"": 16, ""max_drawdown"": 920, ""max_positions"": 62, ""min_units"": 6, ""sized_down"": 77}","{""AUDUSD=X"": -8.049301, ""EURUSD=X"": -6.448755, ""GBPUSD=X"": -11.114561, ""NZDUSD=X"": -4.654955}"
aziz_orb,holdout,2026-07-23 02:50:00+00:00,2026-08-07 21:25:00+00:00,15.774305555555555,98,6.212634822804314,39.795918367346935,30.666430276320522,49.695229399096995,-0.32789147824013315,0.6065505793233367,18.27253139555328,100.0,83.10542716741048,-16.894572832589535,-1.0710184846545865,daily_loss 8.08%,0,"{""daily_loss"": 603, ""gross_leverage"": 20, ""max_positions"": 43, ""min_units"": 8, ""sized_down"": 74}","{""AUDUSD=X"": -0.219555, ""EURUSD=X"": -9.596664, ""GBPUSD=X"": -1.921418, ""NZDUSD=X"": -5.156935}"
aziz_vwap,development,2026-05-18 23:00:00+00:00,2026-07-07 08:15:00+00:00,49.385416666666664,118,2.389369331364691,36.440677966101696,28.311937035351992,45.424455132840144,-0.26626505251661603,0.4893430952938374,30.444643058585996,100.0,69.555356941414,-30.444643058586053,-0.6164703087163597,max_drawdown 30.44%,0,"{""gross_leverage"": 58, ""max_drawdown"": 29624, ""max_positions"": 151, ""min_units"": 15, ""sized_down"": 92}","{""AUDUSD=X"": -10.449217, ""EURUSD=X"": -12.906417, ""GBPUSD=X"": -5.551073, ""NZDUSD=X"": -1.537935}"
aziz_vwap,validation,2026-07-07 08:15:00+00:00,2026-07-23 02:50:00+00:00,15.774305555555555,97,6.1492405899185565,31.958762886597935,23.518547734357256,41.77355393796846,-0.2778996570639526,0.501621508446854,30.645286766856533,100.0,72.50423355041708,-27.495766449582902,-1.7430730216772785,max_drawdown 30.65%,0,"{""daily_loss"": 746, ""gross_leverage"": 45, ""max_drawdown"": 5188, ""max_positions"": 125, ""min_units"": 1, ""sized_down"": 79}","{""AUDUSD=X"": -1.354794, ""EURUSD=X"": -11.763805, ""GBPUSD=X"": -6.506944, ""NZDUSD=X"": -7.870223}"
aziz_vwap,holdout,2026-07-23 02:50:00+00:00,2026-08-07 21:25:00+00:00,15.774305555555555,72,4.564384767774598,31.944444444444443,22.325457048556473,43.392565777966176,-0.2979651392644449,0.4046437190223244,30.938829194723876,100.0,71.30903449319673,-28.690965506803344,-1.81884174905555,max_drawdown 30.94%,0,"{""daily_loss"": 1141, ""gross_leverage"": 53, ""max_drawdown"": 4147, ""max_positions"": 42, ""min_units"": 4, ""sized_down"": 78}","{""AUDUSD=X"": -1.065481, ""EURUSD=X"": -5.66646, ""GBPUSD=X"": -4.350691, ""NZDUSD=X"": -17.608334}"
steidl_ib_break,development,2026-05-18 23:00:00+00:00,2026-07-07 08:15:00+00:00,49.385416666666664,71,1.4376713773465515,42.25352112676056,31.452830477014633,53.849461296544476,-0.2822764186608049,0.6093626808355784,20.481515741349384,100.0,83.71518334388666,-16.284816656113335,-0.329749504110289,none,0,"{""gross_leverage"": 14, ""max_positions"": 19, ""min_units"": 2, ""sized_down"": 57}","{""AUDUSD=X"": -3.615388, ""EURUSD=X"": -14.025789, ""GBPUSD=X"": -4.795737, ""NZDUSD=X"": 6.152097}"
steidl_ib_break,validation,2026-07-07 08:15:00+00:00,2026-07-23 02:50:00+00:00,15.774305555555555,22,1.394673123486683,27.27272727272727,13.150582015814441,48.15212369900198,-0.49710831405330275,0.3269462023237527,16.139429232229023,100.0,85.9827609467511,-14.017239053248916,-0.8886121169570081,none,0,"{""gross_leverage"": 2, ""sized_down"": 9}","{""EURUSD=X"": -5.463377, ""GBPUSD=X"": -8.553862}"
steidl_ib_break,holdout,2026-07-23 02:50:00+00:00,2026-08-07 21:25:00+00:00,15.774305555555555,17,1.0777019590578913,52.94117647058824,30.962897311549487,73.8351988039119,-0.2025333297166756,0.5237562029071579,6.165813755989092,100.0,95.38301516652149,-4.616984833478484,-0.2926902117635491,none,0,"{""gross_leverage"": 2, ""min_units"": 1, ""sized_down"": 6}","{""AUDUSD=X"": -3.516632, ""EURUSD=X"": -1.907529, ""GBPUSD=X"": -1.626363, ""NZDUSD=X"": 2.43354}"
steidl_ib_fade,development,2026-05-18 23:00:00+00:00,2026-07-07 08:15:00+00:00,49.385416666666664,4,0.08099557055473529,0.0,0.0,48.990002040399915,-1.1692812425393244,0.0,4.574300965411254,100.0,95.42569903458875,-4.574300965411272,-0.09262452914564061,none,0,"{""sized_down"": 4}","{""AUDUSD=X"": -1.483799, ""EURUSD=X"": -1.348225, ""GBPUSD=X"": -1.552934, ""NZDUSD=X"": -0.189343}"
steidl_ib_fade,validation,2026-07-07 08:15:00+00:00,2026-07-23 02:50:00+00:00,15.774305555555555,0,0.0,0.0,0.0,0.0,0.0,0.0,0.0,100.0,100.0,0.0,0.0,none,0,{},{}
steidl_ib_fade,holdout,2026-07-23 02:50:00+00:00,2026-08-07 21:25:00+00:00,15.774305555555555,2,0.12678846577151662,0.0,0.0,65.76280471103807,-1.2257068892944536,0.0,4.120848651613457,100.0,95.87915134838654,-4.120848651613451,-0.2612380391073462,none,0,{},"{""AUDUSD=X"": -4.120849}"
fabris_ntz,development,2026-05-18 23:00:00+00:00,2026-07-07 08:15:00+00:00,49.385416666666664,89,1.8021514448428602,42.69662921348314,32.93258447348049,53.06507174959193,-0.13810021546507312,0.6375162011534549,18.561140995023237,100.0,86.1909939467931,-13.809006053206861,-0.2796170810183208,daily_loss 8.13%,0,"{""daily_loss"": 239, ""gross_leverage"": 3, ""max_positions"": 116, ""min_units"": 17, ""sized_down"": 12}","{""AUDUSD=X"": -4.104257, ""EURUSD=X"": -10.6864, ""GBPUSD=X"": 2.499782, ""NZDUSD=X"": -1.518131}"
fabris_ntz,validation,2026-07-07 08:15:00+00:00,2026-07-23 02:50:00+00:00,15.774305555555555,33,2.0920096852300243,30.303030303030305,17.375347814547222,47.33845397473445,-0.21600464284894477,0.4417749931306456,11.716297838455315,100.0,89.97109899282437,-10.028901007175667,-0.6357744860371103,none,0,"{""gross_leverage"": 3, ""max_positions"": 22, ""min_units"": 3, ""sized_down"": 6}","{""AUDUSD=X"": -1.961631, ""EURUSD=X"": -0.960047, ""GBPUSD=X"": -7.905591, ""NZDUSD=X"": 0.798368}"
fabris_ntz,holdout,2026-07-23 02:50:00+00:00,2026-08-07 21:25:00+00:00,15.774305555555555,21,1.3312788906009245,38.095238095238095,20.750767797982505,59.12170418449848,-0.1372285285297666,0.5511279290846314,5.529594885835168,100.0,95.96583401918342,-4.034165980816554,-0.25574285768768823,none,0,"{""gross_leverage"": 4, ""max_positions"": 21, ""min_units"": 2, ""sized_down"": 5}","{""AUDUSD=X"": -1.068755, ""EURUSD=X"": 2.626956, ""GBPUSD=X"": -5.518835, ""NZDUSD=X"": -0.073531}"
book_optimal,development,2026-05-18 23:00:00+00:00,2026-07-07 08:15:00+00:00,49.385416666666664,141,2.855093862054419,40.42553191489361,32.68322106052197,48.675725540454536,-0.1450601009067334,0.5918952078112572,30.241503865194062,100.0,70.62618411370688,-29.3738158862931,-0.5947872442700143,max_drawdown 30.07%,0,"{""daily_loss"": 437, ""gross_leverage"": 37, ""max_drawdown"": 20229, ""max_positions"": 149, ""min_units"": 3, ""sized_down"": 99}","{""AUDUSD=X"": -8.275958, ""EURUSD=X"": -21.89178, ""GBPUSD=X"": -1.753866, ""NZDUSD=X"": 2.547788}"
book_optimal,validation,2026-07-07 08:15:00+00:00,2026-07-23 02:50:00+00:00,15.774305555555555,92,5.8322694254897645,36.95652173913043,27.801481252642297,47.15720057236897,-0.3328311616513144,0.5502184418684569,26.668939655429398,100.0,75.69839557835202,-24.301604421647966,-1.540581570203525,none,0,"{""gross_leverage"": 24, ""max_positions"": 43, ""sized_down"": 76}","{""AUDUSD=X"": -6.724552, ""EURUSD=X"": -2.442095, ""GBPUSD=X"": -8.068769, ""NZDUSD=X"": -7.066189}"
book_optimal,holdout,2026-07-23 02:50:00+00:00,2026-08-07 21:25:00+00:00,15.774305555555555,91,5.768875192604006,47.25274725274725,37.315630375359085,57.41242145000025,-0.1786263886420397,0.6428281714679273,21.192875251506717,100.0,82.40972421799219,-17.590275782007772,-1.115122039449315,none,0,"{""gross_leverage"": 29, ""max_positions"": 42, ""min_units"": 2, ""sized_down"": 77}","{""AUDUSD=X"": -2.723108, ""EURUSD=X"": -1.741229, ""GBPUSD=X"": -6.104024, ""NZDUSD=X"": -7.021914}"
thomas_10r,development,2026-05-18 23:00:00+00:00,2026-07-07 08:15:00+00:00,49.385416666666664,86,1.7414047669268087,31.3953488372093,22.56115465005007,41.820601685545014,-0.29774445701194413,0.4801280047851914,29.626974758658246,100.0,72.85420310854803,-27.145796891451983,-0.5496723268465282,none,0,"{""gross_leverage"": 6, ""max_positions"": 39, ""min_units"": 1, ""sized_down"": 46}","{""AUDUSD=X"": -4.551813, ""EURUSD=X"": -14.673965, ""GBPUSD=X"": -5.295532, ""NZDUSD=X"": -2.624486}"
thomas_10r,validation,2026-07-07 08:15:00+00:00,2026-07-23 02:50:00+00:00,15.774305555555555,24,1.5214615892581995,41.66666666666667,24.467347246538232,61.16566235061137,-0.21392634852105755,0.7068350279138177,10.651883223661827,100.0,96.35367612958174,-3.646323870418236,-0.23115590461819324,none,0,"{""gross_leverage"": 5, ""sized_down"": 21}","{""AUDUSD=X"": -2.196583, ""EURUSD=X"": -3.745147, ""GBPUSD=X"": 0.370331, ""NZDUSD=X"": 1.925075}"
thomas_10r,holdout,2026-07-23 02:50:00+00:00,2026-08-07 21:25:00+00:00,15.774305555555555,36,2.282192383887299,44.44444444444444,29.54102987654314,60.41921268399659,-0.053785257514992885,1.1603972288682476,5.475995610987198,100.0,103.34688873767631,3.346888737676307,0.21217344407897346,none,0,"{""gross_leverage"": 3, ""max_positions"": 14, ""sized_down"": 25}","{""AUDUSD=X"": 6.227013, ""EURUSD=X"": -8.337945, ""GBPUSD=X"": -0.005513, ""NZDUSD=X"": 5.463334}"
volman_scalp,development,2026-05-18 23:00:00+00:00,2026-07-07 08:15:00+00:00,49.385416666666664,80,1.619911411094706,48.75,38.107693944368336,59.50685539629311,-0.23346619844440322,0.33622889458369254,19.488470525776513,100.0,80.73347096919926,-19.266529030800747,-0.39012587786476943,none,0,"{""max_positions"": 32}","{""EURUSD=X"": -5.560211, ""GBPUSD=X"": -13.706318}"
volman_scalp,validation,2026-07-07 08:15:00+00:00,2026-07-23 02:50:00+00:00,15.774305555555555,23,1.4580673563724411,43.47826086956522,25.634368332198655,63.188950694983035,-0.21614575095799826,0.3875804291849082,7.676868625647335,100.0,94.35763087749498,-5.642369122505018,-0.3576936621794949,none,0,"{""max_positions"": 2}","{""EURUSD=X"": -0.922496, ""GBPUSD=X"": -4.719873}"
volman_scalp,holdout,2026-07-23 02:50:00+00:00,2026-08-07 21:25:00+00:00,15.774305555555555,23,1.4580673563724411,30.434782608695656,15.603828020972454,50.866129060572604,-0.4332370400429273,0.11692026662339829,11.27251622367937,100.0,88.88474056482345,-11.115259435176576,-0.7046433452192062,none,0,"{""max_positions"": 1}","{""EURUSD=X"": -0.946564, ""GBPUSD=X"": -10.168696}"
chan_bb_scalp,development,2026-05-18 23:00:00+00:00,2026-07-07 08:15:00+00:00,49.385416666666664,121,2.4501160092807424,37.1900826446281,29.096899703222086,46.0716338625124,-0.2564296518085644,0.49007874889772335,30.637290409822583,100.0,70.32200553877001,-29.677994461230085,-0.6009465235769011,max_drawdown 30.64%,0,"{""daily_loss"": 510, ""gross_leverage"": 84, ""max_drawdown"": 33062, ""max_positions"": 246, ""min_units"": 1, ""sized_down"": 152}","{""AUDUSD=X"": -13.364451, ""EURUSD=X"": -4.560108, ""GBPUSD=X"": -6.640448, ""NZDUSD=X"": -5.112988}"
chan_bb_scalp,validation,2026-07-07 08:15:00+00:00,2026-07-23 02:50:00+00:00,15.774305555555555,105,6.656394453004623,40.95238095238095,32.0277462985214,50.51569297469766,-0.2234101644732563,0.5398947513509835,30.334014801809722,100.0,71.53446953007452,-28.465530469925458,-1.8045504678271036,max_drawdown 30.33%,0,"{""daily_loss"": 534, ""gross_leverage"": 128, ""max_drawdown"": 7748, ""max_positions"": 137, ""sized_down"": 184}","{""AUDUSD=X"": -11.629858, ""EURUSD=X"": -8.248683, ""GBPUSD=X"": -7.693619, ""NZDUSD=X"": -0.893371}"
chan_bb_scalp,holdout,2026-07-23 02:50:00+00:00,2026-08-07 21:25:00+00:00,15.774305555555555,75,4.754567466431873,34.66666666666667,24.882118363617924,45.94546504412621,-0.4853206554987494,0.2969397899170759,30.68480993064101,100.0,70.26169401168582,-29.73830598831426,-1.885237095451135,max_drawdown 30.68%,0,"{""daily_loss"": 1387, ""gross_leverage"": 103, ""max_drawdown"": 8618, ""max_positions"": 60, ""sized_down"": 157}","{""AUDUSD=X"": -9.842978, ""EURUSD=X"": -16.195747, ""GBPUSD=X"": -4.598104, ""NZDUSD=X"": 0.898522}"
firehose,development,2026-05-18 23:00:00+00:00,2026-07-07 08:15:00+00:00,49.385416666666664,79,1.599662518456022,41.77215189873418,31.526455049064673,52.780946063419876,-0.3369836808005595,0.2563246047960607,30.090915607217283,100.0,69.90908439278272,-30.090915607217237,-0.6093077195302373,max_drawdown 30.09%,0,"{""daily_loss"": 1962, ""gross_leverage"": 1, ""max_drawdown"": 36191, ""max_positions"": 186, ""sized_down"": 33}","{""AUDUSD=X"": -19.908904, ""NZDUSD=X"": -10.182012}"
firehose,validation,2026-07-07 08:15:00+00:00,2026-07-23 02:50:00+00:00,15.774305555555555,105,6.656394453004623,43.80952380952381,34.70420653581746,53.35183086164821,-0.28697236494413253,0.28742255488076585,30.522232071164495,100.0,69.4777679288355,-30.52223207116444,-1.9349334881125597,max_drawdown 30.52%,0,"{""daily_loss"": 1834, ""max_drawdown"": 9329, ""max_positions"": 286, ""sized_down"": 42}","{""AUDUSD=X"": -16.919929, ""NZDUSD=X"": -13.602303}"
firehose,holdout,2026-07-23 02:50:00+00:00,2026-08-07 21:25:00+00:00,15.774305555555555,140,8.875192604006163,44.285714285714285,36.31926820673021,52.55738500068685,-0.18136293631225944,0.39401103280438604,30.03945609525813,100.0,70.2421334660007,-29.75786653399942,-1.8864771212396727,max_drawdown 30.04%,0,"{""daily_loss"": 1642, ""max_drawdown"": 8591, ""max_positions"": 378, ""sized_down"": 52}","{""AUDUSD=X"": -18.472154, ""NZDUSD=X"": -11.285713}"
pulse_scalp,development,2026-05-18 23:00:00+00:00,2026-07-07 08:15:00+00:00,49.385416666666664,6,0.12149335583210294,66.66666666666666,29.998832134152863,90.3230667440783,-0.15068687505606432,0.2237072625987163,1.2851771852920986,100.0,98.99873386706633,-1.0012661329336576,-0.020274530428523757,none,0,"{""max_positions"": 10}","{""AUDUSD=X"": -1.1659, ""EURUSD=X"": 0.105546, ""NZDUSD=X"": 0.059089}"
pulse_scalp,validation,2026-07-07 08:15:00+00:00,2026-07-23 02:50:00+00:00,15.774305555555555,0,0.0,0.0,0.0,0.0,0.0,0.0,0.0,100.0,100.0,0.0,0.0,none,0,{},{}
pulse_scalp,holdout,2026-07-23 02:50:00+00:00,2026-08-07 21:25:00+00:00,15.774305555555555,0,0.0,0.0,0.0,0.0,0.0,0.0,0.0,100.0,100.0,0.0,0.0,none,0,"{""min_units"": 1}",{}
ensemble,development,2026-05-18 23:00:00+00:00,2026-07-07 08:15:00+00:00,49.385416666666664,123,2.49061379455811,39.02439024390244,30.8610087268568,47.852599426935015,-0.23583322402237317,0.5389088347993798,30.395858754854004,100.0,70.75912724145759,-29.2408727585424,-0.5920952931491396,max_drawdown 30.40%,0,"{""daily_loss"": 439, ""gross_leverage"": 8, ""max_drawdown"": 9800, ""max_positions"": 115, ""min_units"": 21, ""sized_down"": 25}","{""AUDUSD=X"": -9.243308, ""EURUSD=X"": -19.847757, ""GBPUSD=X"": -3.529439, ""NZDUSD=X"": 3.379631}"
ensemble,validation,2026-07-07 08:15:00+00:00,2026-07-23 02:50:00+00:00,15.774305555555555,44,2.789346246973366,31.818181818181817,19.99912993167356,46.55717253312693,-0.15909639205674228,0.6475731198911965,10.161929961932792,100.0,92.20842839436551,-7.791571605634524,-0.4939407049136568,none,0,"{""gross_leverage"": 3, ""max_positions"": 33, ""min_units"": 3, ""sized_down"": 11}","{""AUDUSD=X"": -1.452445, ""EURUSD=X"": -3.375455, ""GBPUSD=X"": -5.933524, ""NZDUSD=X"": 2.969852}"
ensemble,holdout,2026-07-23 02:50:00+00:00,2026-08-07 21:25:00+00:00,15.774305555555555,47,2.9795289456306406,40.42553191489361,27.639828961388176,54.658131763687344,-0.15544340883451738,0.6020252440283594,13.19862650346372,100.0,88.22816777572513,-11.771832224274888,-0.7462662735177565,none,0,"{""gross_leverage"": 5, ""max_positions"": 32, ""min_units"": 6, ""sized_down"": 20}","{""AUDUSD=X"": 2.879351, ""EURUSD=X"": -7.946898, ""GBPUSD=X"": -8.367512, ""NZDUSD=X"": 1.663227}"
generic_regime,development,2026-05-18 23:00:00+00:00,2026-07-07 08:15:00+00:00,49.385416666666664,76,1.5389158405399705,28.947368421052634,19.960875564331392,39.95976730855693,-0.3452756407922728,0.3120488376800511,30.29451025162227,100.0,69.70548974837773,-30.29451025162226,-0.6134302856266056,max_drawdown 30.29%,0,"{""daily_loss"": 926, ""gross_leverage"": 13, ""max_drawdown"": 32780, ""max_positions"": 136, ""min_units"": 2, ""sized_down"": 34}","{""AUDUSD=X"": -8.991319, ""EURUSD=X"": -9.477512, ""GBPUSD=X"": -8.282325, ""NZDUSD=X"": -3.543354}"
generic_regime,validation,2026-07-07 08:15:00+00:00,2026-07-23 02:50:00+00:00,15.774305555555555,157,9.952894563064055,38.853503184713375,31.582204192470915,46.657256245624716,-0.194485870822079,0.5974887658566955,28.892704959766117,100.0,71.10729504023388,-28.89270495976612,-1.8316308669189176,daily_loss 9.07%,0,"{""daily_loss"": 338, ""gross_leverage"": 92, ""max_positions"": 189, ""min_units"": 12, ""sized_down"": 141}","{""AUDUSD=X"": -15.065615, ""EURUSD=X"": -12.175905, ""GBPUSD=X"": -0.156618, ""NZDUSD=X"": -1.494567}"
generic_regime,holdout,2026-07-23 02:50:00+00:00,2026-08-07 21:25:00+00:00,15.774305555555555,153,9.699317631521021,43.13725490196079,35.55238474775599,51.05831037394641,-0.12799332196311713,0.682442317901418,26.955060183067697,100.0,76.66616517492643,-23.33383482507351,-1.4792305590185275,daily_loss 8.77%,0,"{""daily_loss"": 730, ""gross_leverage"": 108, ""max_positions"": 253, ""min_units"": 5, ""sized_down"": 169}","{""AUDUSD=X"": -5.096989, ""EURUSD=X"": -5.247954, ""GBPUSD=X"": -5.90339, ""NZDUSD=X"": -7.085501}"
scalper_2h,development,2026-05-18 23:00:00+00:00,2026-07-07 08:15:00+00:00,49.385416666666664,86,1.7414047669268087,48.837209302325576,38.550397038221696,59.223462732753,-0.3304976786368173,0.11856571827464338,31.477505694929107,100.0,68.63996799281746,-31.360032007182557,-0.6350059212591279,max_drawdown 31.48%,0,"{""daily_loss"": 1681, ""gross_leverage"": 49, ""max_drawdown"": 35725, ""max_positions"": 54, ""sized_down"": 84}","{""AUDUSD=X"": -17.115429, ""EURUSD=X"": -6.191242, ""GBPUSD=X"": -1.505119, ""NZDUSD=X"": -6.548243}"
scalper_2h,validation,2026-07-07 08:15:00+00:00,2026-07-23 02:50:00+00:00,15.774305555555555,89,5.642086726832489,35.95505617977528,26.75763432047396,46.31478149312684,-0.4163613566295009,0.09147113111306135,30.63501122127764,100.0,69.36965192454312,-30.630348075456894,-1.9417874192673532,max_drawdown 30.64%,1,"{""daily_loss"": 1556, ""gross_leverage"": 43, ""max_drawdown"": 9329, ""max_positions"": 63, ""sized_down"": 94}","{""AUDUSD=X"": -10.486419, ""EURUSD=X"": -7.283682, ""GBPUSD=X"": -11.536843, ""NZDUSD=X"": -1.323404}"
scalper_2h,holdout,2026-07-23 02:50:00+00:00,2026-08-07 21:25:00+00:00,15.774305555555555,74,4.691173233546115,25.675675675675674,17.097575848977574,36.65465945964917,-0.5143270836115219,0.032626444210989106,30.356212037333428,100.0,69.65625529680926,-30.343744703190804,-1.923618418340073,max_drawdown 30.36%,0,"{""daily_loss"": 2005, ""gross_leverage"": 77, ""max_drawdown"": 8703, ""max_positions"": 36, ""sized_down"": 127}","{""AUDUSD=X"": -6.824646, ""EURUSD=X"": -13.003452, ""GBPUSD=X"": -4.312106, ""NZDUSD=X"": -6.203541}"
catalog:aegis_range_hw,development,2026-05-18 23:00:00+00:00,2026-07-07 08:15:00+00:00,49.385416666666664,35,0.7087112423539338,17.142857142857142,8.10252994485672,32.68260763958882,-0.32471910407345345,0.019796065405402012,15.721219447511176,100.0,84.27878055248883,-15.721219447511142,-0.3183372847418413,none,0,"{""gross_leverage"": 4, ""sized_down"": 11}","{""AUDUSD=X"": -6.737828, ""EURUSD=X"": -3.305769, ""GBPUSD=X"": -1.595391, ""NZDUSD=X"": -4.082231}"
catalog:aegis_range_hw,validation,2026-07-07 08:15:00+00:00,2026-07-23 02:50:00+00:00,15.774305555555555,21,1.3312788906009245,14.285714285714285,4.980921798213492,34.6364941492295,-0.2118974052094208,0.04133316028443318,5.9674307911724185,100.0,94.03256920882758,-5.967430791172409,-0.37830069730522864,none,0,"{""gross_leverage"": 5, ""max_positions"": 4, ""sized_down"": 12}","{""AUDUSD=X"": -0.613493, ""EURUSD=X"": -4.653888, ""GBPUSD=X"": -0.452632, ""NZDUSD=X"": -0.247417}"
catalog:aegis_range_hw,holdout,2026-07-23 02:50:00+00:00,2026-08-07 21:25:00+00:00,15.774305555555555,16,1.014307726172133,25.0,10.181901984237346,49.49876892939864,-0.19744037295728148,0.03792342419732666,4.256005747658193,100.0,95.76463189806337,-4.235368101936646,-0.2684979118110839,none,0,"{""gross_leverage"": 1, ""sized_down"": 4}","{""AUDUSD=X"": -0.32427, ""EURUSD=X"": -0.483503, ""GBPUSD=X"": -1.5351, ""NZDUSD=X"": -1.892495}"
catalog:donch55,development,2026-05-18 23:00:00+00:00,2026-07-07 08:15:00+00:00,49.385416666666664,72,1.4579202699852352,26.38888888888889,17.59364159655273,37.57608056120766,-0.40970172419611806,0.28204194471126565,31.414650554314104,100.0,68.58534944568589,-31.414650554314147,-0.6361118863560764,max_drawdown 30.03%,0,"{""daily_loss"": 287, ""gross_leverage"": 19, ""max_drawdown"": 33743, ""max_positions"": 153, ""min_units"": 2, ""sized_down"": 39}","{""AUDUSD=X"": -3.312827, ""EURUSD=X"": -12.946427, ""GBPUSD=X"": -12.121705, ""NZDUSD=X"": -3.033691}"
catalog:donch55,validation,2026-07-07 08:15:00+00:00,2026-07-23 02:50:00+00:00,15.774305555555555,154,9.76271186440678,38.961038961038966,31.617077302808603,46.84234023984174,-0.19251824894062705,0.5605546272284584,30.010768444538115,100.0,69.98923155546188,-30.010768444538115,-1.902509643853616,max_drawdown 30.01%,0,"{""gross_leverage"": 64, ""max_drawdown"": 2088, ""max_positions"": 255, ""min_units"": 8, ""sized_down"": 122}","{""AUDUSD=X"": -15.698887, ""EURUSD=X"": -7.603603, ""GBPUSD=X"": -0.882808, ""NZDUSD=X"": -5.82547}"
catalog:donch55,holdout,2026-07-23 02:50:00+00:00,2026-08-07 21:25:00+00:00,15.774305555555555,139,8.811798371120405,39.568345323741006,31.824718315098842,47.87307280457497,-0.17720809668027618,0.6283439315643737,30.177627176040545,100.0,71.64434634787474,-28.355653652125213,-1.797584911250729,max_drawdown 30.18%,0,"{""daily_loss"": 1404, ""gross_leverage"": 84, ""max_drawdown"": 1791, ""max_positions"": 234, ""sized_down"": 135}","{""AUDUSD=X"": -1.792036, ""EURUSD=X"": 0.055564, ""GBPUSD=X"": -12.070972, ""NZDUSD=X"": -14.548209}"
catalog:donch20,development,2026-05-18 23:00:00+00:00,2026-07-07 08:15:00+00:00,49.385416666666664,86,1.7414047669268087,30.23255813953488,21.543382392193752,40.612233714376025,-0.3827273463111067,0.3939794769737181,30.358006967202556,100.0,70.66971811788349,-29.330281882116484,-0.59390572889331,max_drawdown 30.36%,0,"{""daily_loss"": 1085, ""gross_leverage"": 70, ""max_drawdown"": 35164, ""max_positions"": 199, ""sized_down"": 113}","{""AUDUSD=X"": -12.178576, ""EURUSD=X"": -8.116689, ""GBPUSD=X"": -7.6388, ""NZDUSD=X"": -1.396218}"
catalog:donch20,validation,2026-07-07 08:15:00+00:00,2026-07-23 02:50:00+00:00,15.774305555555555,65,4.12062513757429,27.692307692307693,18.293439815390553,39.58086874222576,-0.5311423419784471,0.20728635815486124,31.362758696929347,100.0,68.63724130307065,-31.36275869692929,-1.9882180287729774,max_drawdown 30.34%,0,"{""daily_loss"": 1521, ""gross_leverage"": 75, ""max_drawdown"": 8965, ""max_positions"": 95, ""sized_down"": 118}","{""AUDUSD=X"": -13.537342, ""EURUSD=X"": -5.963644, ""GBPUSD=X"": -4.728406, ""NZDUSD=X"": -7.133367}"
catalog:donch20,holdout,2026-07-23 02:50:00+00:00,2026-08-07 21:25:00+00:00,15.774305555555555,176,11.157384987893463,40.909090909090914,33.91475736400649,48.29180663453445,-0.13340629488856912,0.6418039043813267,30.60256478172152,100.0,69.9832476719788,-30.016752328021195,-1.9028889875567034,max_drawdown 30.60%,0,"{""daily_loss"": 725, ""gross_leverage"": 203, ""max_drawdown"": 5339, ""max_positions"": 325, ""min_units"": 6, ""sized_down"": 317}","{""AUDUSD=X"": -12.717008, ""EURUSD=X"": -10.37596, ""GBPUSD=X"": -4.117249, ""NZDUSD=X"": -2.806535}"
catalog:ema_cross,development,2026-05-18 23:00:00+00:00,2026-07-07 08:15:00+00:00,49.385416666666664,144,2.9158405399704703,36.11111111111111,28.72092991896756,44.22308583843766,-0.1876847497501892,0.5666696360213276,30.475463257004265,100.0,69.52453674299574,-30.475463257004293,-0.6170943836052335,max_drawdown 30.34%,0,"{""daily_loss"": 255, ""gross_leverage"": 43, ""max_drawdown"": 20484, ""max_positions"": 152, ""min_units"": 7, ""sized_down"": 92}","{""AUDUSD=X"": -8.082468, ""EURUSD=X"": -2.933707, ""GBPUSD=X"": -13.210016, ""NZDUSD=X"": -6.249272}"
catalog:ema_cross,validation,2026-07-07 08:15:00+00:00,2026-07-23 02:50:00+00:00,15.774305555555555,107,6.783182918776139,37.38317757009346,28.802680314038604,46.83823428842111,-0.2647033832081047,0.4566196920738067,30.319389996220597,100.0,69.96803838099689,-30.03196161900304,-1.903853168891234,max_drawdown 30.32%,0,"{""daily_loss"": 427, ""gross_leverage"": 24, ""max_drawdown"": 676, ""max_positions"": 88, ""sized_down"": 65}","{""AUDUSD=X"": -14.308206, ""EURUSD=X"": 0.4191, ""GBPUSD=X"": -6.873271, ""NZDUSD=X"": -9.269584}"
catalog:ema_cross,holdout,2026-07-23 02:50:00+00:00,2026-08-07 21:25:00+00:00,15.774305555555555,71,4.50099053488884,30.985915492957744,21.439575479021812,42.484231601532315,-0.31698826282865633,0.34656013925668827,30.20231219462175,100.0,71.28282758252979,-28.717172417470216,-1.8205031160535818,max_drawdown 30.20%,0,"{""daily_loss"": 467, ""gross_leverage"": 24, ""max_drawdown"": 2539, ""max_positions"": 27, ""min_units"": 2, ""sized_down"": 55}","{""AUDUSD=X"": -8.15678, ""EURUSD=X"": -7.882125, ""GBPUSD=X"": -1.159807, ""NZDUSD=X"": -11.51846}"
catalog:rsi_pure,development,2026-05-18 23:00:00+00:00,2026-07-07 08:15:00+00:00,49.385416666666664,66,1.3364269141531324,43.93939393939394,32.62793012401283,55.917578569946066,-0.4350116548755134,0.13186835872950914,30.592492171254783,100.0,70.30096606561273,-29.699033934387238,-0.6013725496100348,max_drawdown 30.59%,0,"{""daily_loss"": 1173, ""gross_leverage"": 36, ""max_drawdown"": 27685, ""max_positions"": 30, ""min_units"": 2, ""sized_down"": 57}","{""AUDUSD=X"": -12.426849, ""EURUSD=X"": -8.352796, ""GBPUSD=X"": -3.921466, ""NZDUSD=X"": -4.997923}"
catalog:rsi_pure,validation,2026-07-07 08:15:00+00:00,2026-07-23 02:50:00+00:00,15.774305555555555,61,3.867048206031257,37.704918032786885,26.61433042836724,50.25237242905762,-0.37718583947959033,0.0878766841620917,27.96911564960124,100.0,72.4904382600095,-27.509561739990534,-1.7439475635301065,daily_loss 8.93%,0,"{""daily_loss"": 1261, ""gross_leverage"": 8, ""max_positions"": 21, ""sized_down"": 25}","{""AUDUSD=X"": 0.054313, ""EURUSD=X"": -9.673007, ""GBPUSD=X"": -9.927692, ""NZDUSD=X"": -7.963175}"
catalog:rsi_pure,holdout,2026-07-23 02:50:00+00:00,2026-08-07 21:25:00+00:00,15.774305555555555,57,3.613471274488224,35.08771929824561,24.000246078174026,48.05834541185911,-0.4547987019526896,0.06756204459625023,31.11564411759393,100.0,68.88435588240607,-31.115644117593916,-1.9725523895811243,max_drawdown 31.12%,0,"{""daily_loss"": 782, ""gross_leverage"": 44, ""max_drawdown"": 5215, ""max_positions"": 30, ""min_units"": 6, ""sized_down"": 66}","{""AUDUSD=X"": -10.780986, ""EURUSD=X"": -5.36579, ""GBPUSD=X"": -2.018772, ""NZDUSD=X"": -12.950097}"
catalog:bb_mr,development,2026-05-18 23:00:00+00:00,2026-07-07 08:15:00+00:00,49.385416666666664,80,1.619911411094706,42.5,32.25638801480733,53.430908029161294,-0.36422019964316915,0.08170501715628357,30.329097295448985,100.0,69.6877154386045,-30.312284561395515,-0.6137901957169309,max_drawdown 30.33%,0,"{""daily_loss"": 1268, ""gross_leverage"": 45, ""max_drawdown"": 36123, ""max_positions"": 50, ""sized_down"": 75}","{""AUDUSD=X"": -15.016938, ""EURUSD=X"": -6.481467, ""GBPUSD=X"": -3.877019, ""NZDUSD=X"": -4.936861}"
catalog:bb_mr,validation,2026-07-07 08:15:00+00:00,2026-07-23 02:50:00+00:00,15.774305555555555,85,5.3885097952894565,28.235294117647058,19.768719505480053,38.58412420737519,-0.43589071205604496,0.05268851620675355,31.145442438125286,100.0,68.85455756187471,-31.145442438125254,-1.9744414312524925,max_drawdown 30.51%,1,"{""daily_loss"": 1564, ""gross_leverage"": 40, ""max_drawdown"": 8890, ""max_positions"": 52, ""sized_down"": 88}","{""AUDUSD=X"": -11.890442, ""EURUSD=X"": -7.907207, ""GBPUSD=X"": -9.771561, ""NZDUSD=X"": -1.576232}"
catalog:bb_mr,holdout,2026-07-23 02:50:00+00:00,2026-08-07 21:25:00+00:00,15.774305555555555,68,4.310807836231565,5.88235294117647,2.3110391480533066,14.171889962656925,-0.5232946158635783,0.005956138260990093,30.041986519267937,100.0,69.95801348073206,-30.041986519267983,-1.9044886897532862,max_drawdown 30.04%,0,"{""daily_loss"": 1485, ""gross_leverage"": 69, ""max_drawdown"": 9563, ""max_positions"": 32, ""sized_down"": 123}","{""AUDUSD=X"": -8.849718, ""EURUSD=X"": -10.828689, ""GBPUSD=X"": -6.510013, ""NZDUSD=X"": -3.853567}"
catalog:macd_cross,development,2026-05-18 23:00:00+00:00,2026-07-07 08:15:00+00:00,49.385416666666664,120,2.429867116642059,38.333333333333336,30.124387764148153,47.266085227156886,-0.2994949557410262,0.46737235553061235,30.792985446496274,100.0,70.09120301331812,-29.908796986681864,-0.6056200191355113,max_drawdown 30.79%,0,"{""daily_loss"": 806, ""gross_leverage"": 92, ""max_drawdown"": 33023, ""max_positions"": 234, ""sized_down"": 157}","{""AUDUSD=X"": -13.852163, ""EURUSD=X"": -11.158448, ""GBPUSD=X"": -6.582552, ""NZDUSD=X"": 1.684366}"
catalog:macd_cross,validation,2026-07-07 08:15:00+00:00,2026-07-23 02:50:00+00:00,15.774305555555555,133,8.431432973805855,36.84210526315789,29.120790393262077,45.30219209159632,-0.22345892242232246,0.5017370888489573,30.27355651055356,100.0,69.72644348944644,-30.27355651055354,-1.919168891710196,max_drawdown 30.27%,0,"{""daily_loss"": 422, ""gross_leverage"": 116, ""max_drawdown"": 6376, ""max_positions"": 197, ""min_units"": 3, ""sized_down"": 203}","{""AUDUSD=X"": -7.321398, ""EURUSD=X"": -11.53814, ""GBPUSD=X"": -2.40277, ""NZDUSD=X"": -9.011249}"
catalog:macd_cross,holdout,2026-07-23 02:50:00+00:00,2026-08-07 21:25:00+00:00,15.774305555555555,220,13.946731234866828,39.09090909090909,32.88298136019353,45.673283427048865,-0.16228600851335195,0.6471355528802569,30.575722571583736,100.0,69.6003397468185,-30.399660253181615,-1.9271631417381256,max_drawdown 30.58%,0,"{""daily_loss"": 735, ""gross_leverage"": 185, ""max_drawdown"": 1571, ""max_positions"": 357, ""min_units"": 7, ""sized_down"": 329}","{""AUDUSD=X"": -2.832005, ""EURUSD=X"": -12.818697, ""GBPUSD=X"": -12.481628, ""NZDUSD=X"": -2.26733}"
catalog:stoch_mr,development,2026-05-18 23:00:00+00:00,2026-07-07 08:15:00+00:00,49.385416666666664,85,1.721155874288125,45.88235294117647,35.69695582911919,56.42385244088045,-0.37235148577365074,0.080505607020986,30.21473964611004,100.0,69.85522870285189,-30.144771297148118,-0.6103982376136299,max_drawdown 30.21%,0,"{""daily_loss"": 1952, ""gross_leverage"": 59, ""max_drawdown"": 36289, ""max_positions"": 51, ""sized_down"": 104}","{""AUDUSD=X"": -5.316596, ""EURUSD=X"": -10.207566, ""GBPUSD=X"": -3.307091, ""NZDUSD=X"": -11.313518}"
catalog:stoch_mr,validation,2026-07-07 08:15:00+00:00,2026-07-23 02:50:00+00:00,15.774305555555555,95,6.02245212414704,20.0,13.194444444444448,29.13752913752914,-0.3657937612688028,0.057436949798194824,30.827336917775128,100.0,69.17266308222487,-30.82733691777513,-1.9542753758131715,max_drawdown 30.02%,1,"{""daily_loss"": 1733, ""gross_leverage"": 98, ""max_drawdown"": 9842, ""max_positions"": 61, ""sized_down"": 158}","{""AUDUSD=X"": -11.609424, ""EURUSD=X"": -7.176885, ""GBPUSD=X"": -7.823417, ""NZDUSD=X"": -4.217611}"
catalog:stoch_mr,holdout,2026-07-23 02:50:00+00:00,2026-08-07 21:25:00+00:00,15.774305555555555,74,4.691173233546115,8.108108108108109,3.7689336809333382,16.582138239479395,-0.5019429963301671,0.007854819314297351,30.12849888358953,100.0,69.87150111641047,-30.12849888358954,-1.9099730747245844,max_drawdown 30.13%,0,"{""daily_loss"": 2565, ""gross_leverage"": 127, ""max_drawdown"": 9024, ""max_positions"": 34, ""sized_down"": 182}","{""AUDUSD=X"": -8.227093, ""EURUSD=X"": -8.844138, ""GBPUSD=X"": -6.684887, ""NZDUSD=X"": -6.37238}"
catalog:atr_breakout,development,2026-05-18 23:00:00+00:00,2026-07-07 08:15:00+00:00,49.385416666666664,61,1.2351824509597131,29.508196721311474,19.55486540398532,41.88963935838945,-0.5045573854075588,0.24396202139284934,30.016395290209275,100.0,70.22124755314329,-29.778752446856736,-0.6029867612103452,max_drawdown 30.02%,0,"{""daily_loss"": 2306, ""gross_leverage"": 57, ""max_drawdown"": 35725, ""max_positions"": 160, ""sized_down"": 92}","{""AUDUSD=X"": -9.197121, ""EURUSD=X"": -5.268028, ""GBPUSD=X"": -7.123804, ""NZDUSD=X"": -8.1898}"
catalog:atr_breakout,validation,2026-07-07 08:15:00+00:00,2026-07-23 02:50:00+00:00,15.774305555555555,97,6.1492405899185565,30.927835051546392,22.604022957947016,40.70477023851159,-0.2859737058931466,0.38986840015975577,30.13110993266021,100.0,69.86889006733979,-30.13110993266017,-1.9101386001774443,max_drawdown 30.13%,0,"{""daily_loss"": 1503, ""gross_leverage"": 159, ""max_drawdown"": 8704, ""max_positions"": 215, ""sized_down"": 224}","{""AUDUSD=X"": -9.250209, ""EURUSD=X"": -7.12889, ""GBPUSD=X"": -4.266718, ""NZDUSD=X"": -9.485293}"
catalog:atr_breakout,holdout,2026-07-23 02:50:00+00:00,2026-08-07 21:25:00+00:00,15.774305555555555,203,12.869029275808938,38.91625615763547,32.47437428216672,45.76984738310759,-0.09983930180507437,0.6929493655407897,30.45320859832234,100.0,70.75340223227252,-29.246597767727472,-1.8540656300034144,max_drawdown 30.45%,0,"{""daily_loss"": 1555, ""gross_leverage"": 465, ""max_drawdown"": 5688, ""max_positions"": 448, ""min_units"": 14, ""sized_down"": 591}","{""AUDUSD=X"": -10.953272, ""EURUSD=X"": -5.042536, ""GBPUSD=X"": -7.608235, ""NZDUSD=X"": -5.642555}"
catalog:bb_squeeze,development,2026-05-18 23:00:00+00:00,2026-07-07 08:15:00+00:00,49.385416666666664,75,1.5186669479012866,25.333333333333336,16.859919647948146,36.21054061668372,-0.3733995012801909,0.4824457268170855,30.86434447384962,100.0,74.03701908877957,-25.962980911220406,-0.5257216130514994,max_drawdown 30.86%,0,"{""gross_leverage"": 69, ""max_drawdown"": 30100, ""max_positions"": 100, ""sized_down"": 112}","{""AUDUSD=X"": -9.051844, ""EURUSD=X"": -3.431346, ""GBPUSD=X"": -7.630347, ""NZDUSD=X"": -5.849444}"
catalog:bb_squeeze,validation,2026-07-07 08:15:00+00:00,2026-07-23 02:50:00+00:00,15.774305555555555,94,5.959057891261281,28.723404255319153,20.55423033081863,38.563363821362046,-0.38500817159561923,0.48532754514517085,30.191355152359222,100.0,70.13108572346894,-29.868914276531054,-1.8935169076911609,max_drawdown 30.19%,0,"{""daily_loss"": 239, ""gross_leverage"": 54, ""max_drawdown"": 1952, ""max_positions"": 42, ""sized_down"": 115}","{""AUDUSD=X"": -7.683981, ""EURUSD=X"": -5.018137, ""GBPUSD=X"": -5.208845, ""NZDUSD=X"": -11.957951}"
catalog:bb_squeeze,holdout,2026-07-23 02:50:00+00:00,2026-08-07 21:25:00+00:00,15.774305555555555,83,5.26172132951794,37.34939759036144,27.719527504576813,48.098513618571545,-0.34203782684347556,0.4110001136813476,30.10129585065887,100.0,70.23622624073752,-29.76377375926244,-1.8868516052537052,max_drawdown 30.10%,0,"{""daily_loss"": 71, ""gross_leverage"": 69, ""max_drawdown"": 3011, ""max_positions"": 39, ""sized_down"": 131}","{""AUDUSD=X"": -10.545017, ""EURUSD=X"": -6.652353, ""GBPUSD=X"": -6.377492, ""NZDUSD=X"": -6.188912}"
catalog:elder_impulse,development,2026-05-18 23:00:00+00:00,2026-07-07 08:15:00+00:00,49.385416666666664,121,2.4501160092807424,37.1900826446281,29.096899703222086,46.0716338625124,-0.29189786055389194,0.5350213287993487,30.41794894105159,100.0,72.42958395515436,-27.570416044845626,-0.558270394495925,max_drawdown 30.42%,0,"{""daily_loss"": 479, ""gross_leverage"": 80, ""max_drawdown"": 32784, ""max_positions"": 222, ""sized_down"": 145}","{""AUDUSD=X"": -3.828458, ""EURUSD=X"": -14.554486, ""GBPUSD=X"": -9.469117, ""NZDUSD=X"": 0.281644}"
catalog:elder_impulse,validation,2026-07-07 08:15:00+00:00,2026-07-23 02:50:00+00:00,15.774305555555555,128,8.114461809377064,37.5,29.592294237008232,46.136155660444466,-0.21249077319784582,0.5246363234770769,30.070305449453883,100.0,69.92969455054612,-30.07030544945386,-1.906283946608565,max_drawdown 30.07%,0,"{""daily_loss"": 805, ""gross_leverage"": 111, ""max_drawdown"": 5464, ""max_positions"": 180, ""sized_down"": 190}","{""AUDUSD=X"": -7.698501, ""EURUSD=X"": -12.051459, ""GBPUSD=X"": -3.314662, ""NZDUSD=X"": -7.005684}"
catalog:elder_impulse,holdout,2026-07-23 02:50:00+00:00,2026-08-07 21:25:00+00:00,15.774305555555555,205,12.995817741580453,36.09756097560975,29.8343137360936,42.87227345726251,-0.18330233992523562,0.664515558269963,30.0153336677351,100.0,70.16214981590318,-29.837850184096887,-1.8915476233810045,max_drawdown 30.02%,0,"{""daily_loss"": 371, ""gross_leverage"": 162, ""max_drawdown"": 623, ""max_positions"": 229, ""min_units"": 5, ""sized_down"": 292}","{""AUDUSD=X"": -2.177331, ""EURUSD=X"": -14.809659, ""GBPUSD=X"": -12.321398, ""NZDUSD=X"": -0.529461}"
