symbol,tp_pips,sl_pips,trades,wr,exp_usd,pnl_usd,spread,rt_usd,tp_usd,pip_usd,bars
EURGBP,1,30,62,98.39,0.0675,4.18,4.999999999999449e-05,0.0675,0.1349,0.1349,14410
EURAUD,1,30,595,98.32,0.0338,20.13,0.0,0.0,0.0706,0.0706,14410
CNHJPY,1,30,82,97.56,0.0153,1.25,0.0,0.0,0.0627,0.0627,14410
NOKJPY,1,30,82,97.56,0.0153,1.25,0.0,0.0,0.0627,0.0627,14410
PLNJPY,2,40,121,97.52,0.0601,7.28,0.0,0.0,0.1255,0.0627,14410
EURCHF,1,30,159,97.48,0.0271,4.3,0.0,0.0,0.1229,0.1229,14410
GBPCHF,2,40,153,97.39,0.1109,16.96,0.0,0.0,0.2458,0.1229,14410
AUDSGD,1,20,454,97.36,0.0348,15.78,0.0,0.0,0.0781,0.0781,14410
GBPUSD,1,30,409,97.31,0.0166,6.8,9.999999999843467e-06,0.01,0.1,0.1,14410
GBPUSD,2,40,183,97.27,0.0852,15.6,9.999999999843467e-06,0.01,0.2,0.1,14410
GBPCAD,2,40,285,97.19,0.0589,16.78,0.0,0.0,0.1435,0.0717,14410
GBPNZD,1,30,1399,97.07,0.0054,7.5,0.0,0.0,0.0586,0.0586,14410
AUDSGD,1,30,330,96.97,0.0047,1.56,0.0,0.0,0.0781,0.0781,14410
GBPSGD,1,30,490,96.94,0.004,1.95,0.0,0.0,0.0781,0.0781,14410
GBPCAD,1,30,553,96.93,0.0034,1.86,0.0,0.0,0.0717,0.0717,14410
DKKNOK,1,30,2225,96.85,0.0003,0.58,0.0,0.0,0.0105,0.0105,14410
EURCAD,1,30,387,96.64,-0.003,-1.15,0.0,0.0,0.0717,0.0717,14410
USDINR,2,40,87,96.55,0.0577,5.02,0.016999999999995907,0.1778,0.2092,0.1046,14410
EURCAD,2,40,173,96.53,0.039,6.74,0.0,0.0,0.1435,0.0717,14410
XAGUSD,1,30,3370,96.53,-0.0038,-12.85,0.0,0.0,0.05,0.05,14410
AUDNZD,1,30,337,96.44,-0.0061,-2.05,0.0,0.0,0.0586,0.0586,14410
AUDDKK,1,30,2823,96.39,-0.0019,-5.23,0.0,0.0,0.0154,0.0154,14410
XAGEUR,1,30,2538,96.22,-0.0199,-50.48,0.0,0.0,0.1153,0.1153,14410
NOKJPY,1,20,104,96.15,0.0121,1.25,0.0,0.0,0.0627,0.0627,14410
CADCHF,1,30,130,96.15,-0.0236,-3.07,0.0,0.0,0.1229,0.1229,14410
EURAUD,2,40,232,96.12,0.0262,6.07,0.0,0.0,0.1412,0.0706,14410
CHFSGD,1,30,758,96.04,-0.0177,-13.43,0.0,0.0,0.0781,0.0781,14410
GBPCHF,1,30,302,96.03,-0.0285,-8.6,0.0,0.0,0.1229,0.1229,14410
CADJPY,1,30,772,95.98,-0.0154,-11.86,0.0,0.0,0.0627,0.0627,14410
EURNZD,1,30,888,95.95,-0.015,-13.36,0.0,0.0,0.0586,0.0586,14410
USDCAD,2,40,121,95.87,0.019,2.3,1.999999999990898e-05,0.0143,0.1435,0.0717,14410
DKKNOK,2,40,1126,95.83,0.0026,2.93,0.0,0.0,0.0211,0.0105,14410
GBPAUD,1,30,696,95.83,-0.0206,-14.34,0.0,0.0,0.0706,0.0706,14410
PLNJPY,1,30,239,95.82,-0.0186,-4.45,0.0,0.0,0.0627,0.0627,14410
EURAUD,1,20,734,95.78,0.008,5.86,0.0,0.0,0.0706,0.0706,14410
AUDPLN,1,30,1588,95.78,-0.0082,-13.09,0.0,0.0,0.0268,0.0268,14410
DKKSEK,1,30,773,95.73,-0.0034,-2.61,0.0,0.0,0.0104,0.0104,14410
GBPNZD,1,20,1818,95.65,0.0051,9.31,0.0,0.0,0.0586,0.0586,14410
HKDJPY,1,30,69,95.65,-0.0218,-1.51,0.0,0.0,0.0627,0.0627,14410
AUDCAD,1,30,365,95.62,-0.0257,-9.4,0.0,0.0,0.0717,0.0717,14410
EURCAD,1,20,588,95.58,0.0051,3.01,0.0,0.0,0.0717,0.0717,14410
PLNJPY,1,20,315,95.56,0.0042,1.32,0.0,0.0,0.0627,0.0627,14410
AUDUSD,1,30,201,95.52,-0.0388,-7.8,2.0000000000020002e-05,0.02,0.1,0.1,14410
GBPCAD,2,30,328,95.43,0.0385,12.62,0.0,0.0,0.1435,0.0717,14410
GBPUSD,1,20,543,95.4,0.0033,1.8,9.999999999843467e-06,0.01,0.1,0.1,14410
AUDCAD,2,40,130,95.38,0.0044,0.57,0.0,0.0,0.1435,0.0717,14410
AUDNZD,1,20,433,95.38,0.0018,0.76,0.0,0.0,0.0586,0.0586,14410
EURGBP,1,20,86,95.35,0.0031,0.27,4.999999999999449e-05,0.0675,0.1349,0.1349,14410
GBPAUD,2,40,322,95.34,0.0031,0.99,0.0,0.0,0.1412,0.0706,14410
EURUSD,1,30,252,95.24,-0.0476,-12.0,9.999999999843467e-06,0.01,0.1,0.1,14410
EURAUD,2,30,272,95.22,0.0332,9.04,0.0,0.0,0.1412,0.0706,14410
AUDHKD,1,30,3620,95.22,-0.0061,-22.21,0.0,0.0,0.0127,0.0127,14410
USDCAD,1,30,309,95.15,-0.0362,-11.19,1.999999999990898e-05,0.0143,0.0717,0.0717,14410
AUDDKK,1,20,3479,95.14,-0.0003,-1.08,0.0,0.0,0.0154,0.0154,14410
GBPCHF,2,30,184,95.11,0.0534,9.83,0.0,0.0,0.2458,0.1229,14410
GBPUSD,2,30,225,95.11,0.0436,9.8,9.999999999843467e-06,0.01,0.2,0.1,14410
CHFDKK,1,30,3407,95.01,-0.0084,-28.72,0.0,0.0,0.0154,0.0154,14410
GBPCAD,1,20,793,94.96,-0.0043,-3.37,0.0,0.0,0.0717,0.0717,14410
AUDNZD,2,40,119,94.96,-0.0069,-0.82,0.0,0.0,0.1172,0.0586,14410
AUDDKK,2,40,1406,94.95,-0.0019,-2.62,0.0,0.0,0.0308,0.0154,14410
EURUSD,1,20,376,94.95,-0.0061,-2.3,9.999999999843467e-06,0.01,0.1,0.1,14410
NZDDKK,1,30,2220,94.95,-0.0087,-19.3,0.0,0.0,0.0154,0.0154,14410
NZDUSD,1,20,355,94.93,-0.0065,-2.3,2.0000000000020002e-05,0.02,0.1,0.1,14410
XAGUSD,2,40,1972,94.93,-0.0065,-12.8,0.0,0.0,0.1,0.05,14410
XAGUSD,1,20,4010,94.84,-0.0042,-16.85,0.0,0.0,0.05,0.05,14410
HKDJPY,1,20,116,94.83,-0.0054,-0.63,0.0,0.0,0.0627,0.0627,14410
CADCHF,2,40,58,94.83,-0.0212,-1.23,0.0,0.0,0.2458,0.1229,14410
USDCAD,1,20,463,94.82,-0.0064,-2.94,1.999999999990898e-05,0.0143,0.0717,0.0717,14410
AUDCAD,1,20,501,94.81,-0.0064,-3.23,0.0,0.0,0.0717,0.0717,14410
EURCNH,1,30,3386,94.8,-0.0091,-30.69,0.0,0.0,0.0148,0.0148,14410
XAUEUR,2,40,5428,94.75,-0.0237,-128.4,0.0,0.0,0.2305,0.1153,14410
AUDUSD,1,20,285,94.74,-0.0105,-3.0,2.0000000000020002e-05,0.02,0.1,0.1,14410
GBPAUD,1,20,994,94.57,-0.0099,-9.89,0.0,0.0,0.0706,0.0706,14410
CHFJPY,1,30,1345,94.57,-0.0428,-57.59,0.0,0.0,0.0627,0.0627,14410
CHFDKK,2,40,2177,94.53,-0.0046,-9.93,0.0,0.0,0.0308,0.0154,14410
NZDUSD,1,30,218,94.5,-0.0706,-15.4,2.0000000000020002e-05,0.02,0.1,0.1,14410
DKKNOK,1,20,2810,94.38,-0.0019,-5.35,0.0,0.0,0.0105,0.0105,14410
DKKNOK,2,30,1457,94.37,0.0021,3.05,0.0,0.0,0.0211,0.0105,14410
AUDJPY,2,40,426,94.37,-0.023,-9.79,0.0,0.0,0.1255,0.0627,14410
CADCHF,1,20,212,94.34,-0.0232,-4.92,0.0,0.0,0.1229,0.1229,14410
AUDJPY,1,30,778,94.34,-0.0473,-36.76,0.0,0.0,0.0627,0.0627,14410
GBPNZD,2,40,617,94.33,-0.0224,-13.82,0.0,0.0,0.1172,0.0586,14410
USDJPY,1,30,1093,94.33,-0.0476,-52.01,0.0030000000000143245,0.0188,0.0627,0.0627,14410
AUDPLN,2,40,837,94.27,-0.0109,-9.15,0.0,0.0,0.0535,0.0268,14410
XAGEUR,1,20,3245,94.27,-0.0235,-76.18,0.0,0.0,0.1153,0.1153,14410
CHFSGD,2,40,379,94.2,-0.0342,-12.97,0.0,0.0,0.1562,0.0781,14410
XAUEUR,1,30,6375,94.2,-0.0921,-587.23,0.0,0.0,0.1153,0.1153,14410
CHFSGD,2,30,465,94.19,0.0111,5.15,0.0,0.0,0.1562,0.0781,14410
NZDSEK,1,30,3885,94.16,-0.0085,-32.87,0.0,0.0,0.0104,0.0104,14410
AUDHKD,2,40,2354,94.14,-0.0059,-13.87,0.0,0.0,0.0255,0.0127,14410
NOKDKK,1,20,642,94.08,-0.0037,-2.41,0.0,0.0,0.0154,0.0154,14410
NZDDKK,2,40,1284,94.08,-0.0075,-9.62,0.0,0.0,0.0308,0.0154,14410
EURNZD,2,40,354,94.07,-0.0288,-10.19,0.0,0.0,0.1172,0.0586,14410
GBPCHF,1,20,488,94.06,-0.0305,-14.87,0.0,0.0,0.1229,0.1229,14410
PLNJPY,2,30,134,94.03,0.0056,0.75,0.0,0.0,0.1255,0.0627,14410
EURDKK,1,30,67,94.03,-0.0131,-0.88,0.0,0.0,0.0154,0.0154,14410
EURPLN,1,30,1339,94.03,-0.0228,-30.53,0.0,0.0,0.0268,0.0268,14410
USDSGD,2,40,67,94.03,-0.0396,-2.66,7.00000000000145e-05,0.0547,0.1562,0.0781,14410
GBPSGD,2,30,300,94.0,0.0062,1.87,0.0,0.0,0.1562,0.0781,14410
GBPNZD,2,30,816,94.0,0.0046,3.75,0.0,0.0,0.1172,0.0586,14410
CNHJPY,2,40,50,94.0,-0.0326,-1.63,0.0,0.0,0.1255,0.0627,14410
NOKDKK,2,40,199,93.97,-0.0082,-1.63,0.0,0.0,0.0308,0.0154,14410
EURSGD,1,30,215,93.95,-0.0683,-14.68,0.0,0.0,0.0781,0.0781,14410
XAGUSD,2,30,2311,93.94,0.0031,7.1,0.0,0.0,0.1,0.05,14410
NZDSEK,2,40,2675,93.91,-0.0058,-15.6,0.0,0.0,0.0209,0.0104,14410
EURHUF,1,30,3021,93.91,-0.0281,-84.89,0.0,0.0,0.0316,0.0316,14410
USDCHF,1,30,294,93.88,-0.1104,-32.45,1.999999999990898e-05,0.0246,0.1229,0.1229,14410
DKKSEK,2,40,387,93.8,-0.0063,-2.44,0.0,0.0,0.0209,0.0104,14410
EURNZD,1,20,1257,93.79,-0.0178,-22.32,0.0,0.0,0.0586,0.0586,14410
EURJPY,1,30,983,93.79,-0.0579,-56.96,0.003999999999990678,0.0251,0.0627,0.0627,14410
EURCAD,2,30,224,93.75,-0.0,-0.0,0.0,0.0,0.1435,0.0717,14410
GBPSGD,1,20,656,93.75,-0.0244,-16.01,0.0,0.0,0.0781,0.0781,14410
GBPSGD,2,40,223,93.72,-0.0497,-11.09,0.0,0.0,0.1562,0.0781,14410
USDCHF,1,20,476,93.7,-0.0398,-18.93,1.999999999990898e-05,0.0246,0.1229,0.1229,14410
DKKSEK,1,20,935,93.69,-0.0034,-3.17,0.0,0.0,0.0104,0.0104,14410
XAGEUR,2,40,1355,93.65,-0.0767,-103.96,0.0,0.0,0.2305,0.1153,14410
EURCNH,2,40,2050,93.61,-0.0101,-20.78,0.0,0.0,0.0296,0.0148,14410
AUDCHF,1,20,171,93.57,-0.0431,-7.37,0.0,0.0,0.1229,0.1229,14410
USDINR,2,30,108,93.52,-0.0077,-0.84,0.016999999999995907,0.1778,0.2092,0.1046,14410
AUDPLN,1,20,2000,93.5,-0.0098,-19.53,0.0,0.0,0.0268,0.0268,14410
CHFSGD,1,20,1031,93.5,-0.0285,-29.37,0.0,0.0,0.0781,0.0781,14410
NOKDKK,1,30,445,93.48,-0.0157,-7.0,0.0,0.0,0.0154,0.0154,14410
CHFPLN,1,30,3056,93.46,-0.0275,-84.13,0.0,0.0,0.0268,0.0268,14410
NZDUSD,2,40,61,93.44,-0.0754,-4.6,2.0000000000020002e-05,0.02,0.2,0.1,14410
USDSGD,1,30,151,93.38,-0.0822,-12.42,7.00000000000145e-05,0.0547,0.0781,0.0781,14410
CADPLN,1,30,2835,93.37,-0.0283,-80.09,0.0,0.0,0.0268,0.0268,14410
AUDCHF,1,30,90,93.33,-0.1311,-11.8,0.0,0.0,0.1229,0.1229,14410
AUDDKK,2,30,1767,93.32,-0.0021,-3.73,0.0,0.0,0.0308,0.0154,14410
CADJPY,2,40,415,93.25,-0.0523,-21.71,0.0,0.0,0.1255,0.0627,14410
CADCHF,2,30,74,93.24,-0.0199,-1.47,0.0,0.0,0.2458,0.1229,14410
XAGEUR,2,30,1668,93.23,-0.0193,-32.27,0.0,0.0,0.2305,0.1153,14410
CNHJPY,2,30,59,93.22,-0.0106,-0.63,0.0,0.0,0.1255,0.0627,14410
CADJPY,1,20,1018,93.12,-0.0279,-28.36,0.0,0.0,0.0627,0.0627,14410
USDCAD,2,30,158,93.04,-0.0163,-2.58,1.999999999990898e-05,0.0143,0.1435,0.0717,14410
NZDDKK,2,30,1558,93.0,-0.0037,-5.74,0.0,0.0,0.0308,0.0154,14410
AUDSEK,2,40,3276,92.98,-0.0099,-32.41,0.0,0.0,0.0209,0.0104,14410
NZDDKK,1,20,2797,92.89,-0.0076,-21.31,0.0,0.0,0.0154,0.0154,14410
CHFJPY,2,40,702,92.88,-0.0622,-43.66,0.0,0.0,0.1255,0.0627,14410
HKDJPY,2,30,42,92.86,-0.0179,-0.75,0.0,0.0,0.1255,0.0627,14410
SEKJPY,1,30,42,92.86,-0.0762,-3.2,0.0,0.0,0.0627,0.0627,14410
CADJPY,2,30,500,92.8,-0.0191,-9.54,0.0,0.0,0.1255,0.0627,14410
CADNOK,1,30,4741,92.79,-0.013,-61.7,0.0,0.0,0.0105,0.0105,14410
EURSGD,1,20,333,92.79,-0.0401,-13.36,0.0,0.0,0.0781,0.0781,14410
CADSGD,1,20,277,92.78,-0.0403,-11.17,0.0,0.0,0.0781,0.0781,14410
CHFJPY,1,20,1875,92.75,-0.0328,-61.54,0.0,0.0,0.0627,0.0627,14410
EURCHF,2,40,55,92.73,-0.1296,-7.13,0.0,0.0,0.2458,0.1229,14410
EURPLN,2,40,629,92.69,-0.0287,-18.04,0.0,0.0,0.0535,0.0268,14410
GBPAUD,2,30,394,92.64,-0.0251,-9.89,0.0,0.0,0.1412,0.0706,14410
AUDSGD,2,20,217,92.63,0.0295,6.4,0.0,0.0,0.1562,0.0781,14410
AUDPLN,2,30,1004,92.63,-0.0096,-9.63,0.0,0.0,0.0535,0.0268,14410
EURJPY,2,40,610,92.62,-0.0689,-42.03,0.003999999999990678,0.0251,0.1255,0.0627,14410
CHFDKK,2,30,2591,92.59,-0.0057,-14.83,0.0,0.0,0.0308,0.0154,14410
XAUEUR,2,30,5901,92.58,-0.0432,-255.18,0.0,0.0,0.2305,0.1153,14410
AUDNOK,2,40,3696,92.53,-0.012,-44.22,0.0,0.0,0.0211,0.0105,14410
USDCHF,2,30,174,92.53,-0.048,-8.36,1.999999999990898e-05,0.0246,0.2458,0.1229,14410
EURCHF,1,20,227,92.51,-0.0704,-15.98,0.0,0.0,0.1229,0.1229,14410
NOKJPY,2,30,40,92.5,-0.0251,-1.0,0.0,0.0,0.1255,0.0627,14410
GBPJPY,1,30,1226,92.5,-0.0832,-102.0,0.008000000000009777,0.0502,0.0627,0.0627,14410
EURAUD,3,30,173,92.49,0.0367,6.36,0.0,0.0,0.2119,0.0706,14410
CHFDKK,1,20,4058,92.46,-0.009,-36.51,0.0,0.0,0.0154,0.0154,14410
EURCAD,3,30,159,92.45,0.0365,5.81,0.0,0.0,0.2152,0.0717,14410
AUDUSD,2,30,119,92.44,-0.042,-5.0,2.0000000000020002e-05,0.02,0.2,0.1,14410
USDSGD,1,20,264,92.42,-0.0462,-12.18,7.00000000000145e-05,0.0547,0.0781,0.0781,14410
AUDNZD,2,30,145,92.41,-0.025,-3.63,0.0,0.0,0.1172,0.0586,14410
AUDSEK,1,30,4458,92.4,-0.0142,-63.1,0.0,0.0,0.0104,0.0104,14410
CHFPLN,2,40,1721,92.39,-0.032,-55.13,0.0,0.0,0.0535,0.0268,14410
GBPCAD,3,30,223,92.38,0.0347,7.75,0.0,0.0,0.2152,0.0717,14410
EURCNH,1,20,4058,92.36,-0.009,-36.35,0.0,0.0,0.0148,0.0148,14410
SEKNOK,1,30,1124,92.35,-0.0144,-16.23,0.0,0.0,0.0105,0.0105,14410
AUDHKD,2,30,2795,92.34,-0.0057,-16.03,0.0,0.0,0.0255,0.0127,14410
AUDHKD,1,20,4244,92.34,-0.0078,-32.89,0.0,0.0,0.0127,0.0127,14410
CNHJPY,1,20,104,92.31,-0.0386,-4.01,0.0,0.0,0.0627,0.0627,14410
EURCHF,2,30,78,92.31,-0.0567,-4.43,0.0,0.0,0.2458,0.1229,14410
XAGUSD,3,30,1836,92.27,0.0224,41.1,0.0,0.0,0.15,0.05,14410
XAUUSD,2,40,5540,92.26,-0.0125,-69.38,0.0,0.0,0.02,0.01,14410
AUDSGD,2,30,155,92.26,-0.0373,-5.78,0.0,0.0,0.1562,0.0781,14410
GBPSGD,3,30,206,92.23,0.0341,7.03,0.0,0.0,0.2343,0.0781,14410
CADNOK,2,40,3343,92.22,-0.0133,-44.57,0.0,0.0,0.0211,0.0105,14410
AUDJPY,1,20,1038,92.2,-0.0401,-41.59,0.0,0.0,0.0627,0.0627,14410
EURSEK,1,30,5030,92.15,-0.015,-75.25,0.0,0.0,0.0104,0.0104,14410
CADPLN,2,40,1825,92.05,-0.0358,-65.29,0.0,0.0,0.0535,0.0268,14410
GBPHKD,1,30,4809,91.99,-0.0189,-90.81,0.0,0.0,0.0127,0.0127,14410
GBPCHF,3,30,112,91.96,0.0428,4.79,0.0,0.0,0.3688,0.1229,14410
DKKSEK,2,30,471,91.93,-0.0061,-2.86,0.0,0.0,0.0209,0.0104,14410
GBPNZD,3,30,556,91.91,0.0193,10.72,0.0,0.0,0.1757,0.0586,14410
EURCNH,2,30,2543,91.9,-0.0088,-22.32,0.0,0.0,0.0296,0.0148,14410
EURHUF,2,40,1871,91.88,-0.0447,-83.6,0.0,0.0,0.0633,0.0316,14410
NOKSEK,1,30,721,91.82,-0.016,-11.56,0.0,0.0,0.0104,0.0104,14410
EURCAD,2,20,316,91.77,0.0136,4.3,0.0,0.0,0.1435,0.0717,14410
EURCHF,3,30,60,91.67,0.0307,1.84,0.0,0.0,0.3688,0.1229,14410
CADMXN,2,40,4934,91.67,-0.0088,-43.33,0.0,0.0,0.0117,0.0059,14410
EURUSD,2,30,132,91.67,-0.0667,-8.8,9.999999999843467e-06,0.01,0.2,0.1,14410
AUDUSD,2,40,84,91.67,-0.15,-12.6,2.0000000000020002e-05,0.02,0.2,0.1,14410
NZDSEK,2,30,3168,91.57,-0.0073,-23.03,0.0,0.0,0.0209,0.0104,14410
SEKJPY,1,20,71,91.55,-0.0486,-3.45,0.0,0.0,0.0627,0.0627,14410
GBPHKD,2,40,3605,91.54,-0.0198,-71.36,0.0,0.0,0.0255,0.0127,14410
XAGEUR,3,30,1345,91.52,0.0234,31.47,0.0,0.0,0.3458,0.1153,14410
XAUUSD,1,30,6381,91.51,-0.0163,-104.21,0.0,0.0,0.01,0.01,14410
AUDNZD,2,20,210,91.43,0.0067,1.41,0.0,0.0,0.1172,0.0586,14410
AUDNOK,1,30,4592,91.42,-0.0175,-80.24,0.0,0.0,0.0105,0.0105,14410
GBPDKK,2,40,1394,91.39,-0.0249,-34.72,0.0,0.0,0.0308,0.0154,14410
AUDJPY,2,30,534,91.39,-0.0475,-25.34,0.0,0.0,0.1255,0.0627,14410
NOKJPY,2,20,58,91.38,0.0065,0.38,0.0,0.0,0.1255,0.0627,14410
CHFSEK,2,40,4990,91.38,-0.0169,-84.27,0.0,0.0,0.0209,0.0104,14410
CADSGD,1,30,139,91.37,-0.1309,-18.2,0.0,0.0,0.0781,0.0781,14410
EURNOK,1,30,5776,91.29,-0.0179,-103.36,0.0,0.0,0.0105,0.0105,14410
SEKNOK,2,40,652,91.26,-0.0176,-11.48,0.0,0.0,0.0211,0.0105,14410
AUDCAD,2,30,183,91.26,-0.0572,-10.47,0.0,0.0,0.1435,0.0717,14410
USDCAD,3,30,114,91.23,0.0076,0.86,1.999999999990898e-05,0.0143,0.2152,0.0717,14410
XAGUSD,2,20,2962,91.22,0.0034,10.2,0.0,0.0,0.1,0.05,14410
EURNZD,2,30,501,91.22,-0.0475,-23.78,0.0,0.0,0.1172,0.0586,14410
GBPJPY,2,40,751,91.21,-0.1061,-79.67,0.008000000000009777,0.0502,0.1255,0.0627,14410
USDJPY,2,40,614,91.21,-0.1063,-65.24,0.0030000000000143245,0.0188,0.1255,0.0627,14410
AUDSGD,2,40,91,91.21,-0.1322,-12.03,0.0,0.0,0.1562,0.0781,14410
AUDCHF,2,30,56,91.07,-0.1054,-5.9,0.0,0.0,0.2458,0.1229,14410
USDCHF,2,40,112,91.07,-0.2151,-24.09,1.999999999990898e-05,0.0246,0.2458,0.1229,14410
EURSGD,2,40,78,91.03,-0.1382,-10.78,0.0,0.0,0.1562,0.0781,14410
GBPNZD,2,20,1118,90.97,0.0007,0.82,0.0,0.0,0.1172,0.0586,14410
GBPAUD,2,20,571,90.89,-0.0002,-0.14,0.0,0.0,0.1412,0.0706,14410
CADMXN,1,30,5995,90.89,-0.0107,-64.06,0.0,0.0,0.0059,0.0059,14410
EURJPY,2,30,709,90.83,-0.0586,-41.53,0.003999999999990678,0.0251,0.1255,0.0627,14410
DKKNOK,2,20,1960,90.82,-0.0002,-0.42,0.0,0.0,0.0211,0.0105,14410
GBPUSD,3,30,162,90.74,-0.0056,-0.9,9.999999999843467e-06,0.01,0.3,0.1,14410
EURSEK,2,40,3842,90.73,-0.0197,-75.8,0.0,0.0,0.0209,0.0104,14410
EURNOK,2,40,4627,90.73,-0.0199,-92.27,0.0,0.0,0.0211,0.0105,14410
EURAUD,2,20,386,90.67,-0.0037,-1.41,0.0,0.0,0.1412,0.0706,14410
CHFDKK,3,30,2120,90.66,-0.0013,-2.68,0.0,0.0,0.0463,0.0154,14410
CHFSEK,1,30,6092,90.66,-0.0198,-120.43,0.0,0.0,0.0104,0.0104,14410
EURJPY,1,20,1317,90.66,-0.0603,-79.42,0.003999999999990678,0.0251,0.0627,0.0627,14410
GBPSGD,2,20,406,90.64,-0.0046,-1.87,0.0,0.0,0.1562,0.0781,14410
USDJPY,1,20,1406,90.61,-0.0609,-85.69,0.0030000000000143245,0.0188,0.0627,0.0627,14410
EURDKK,1,20,117,90.6,-0.015,-1.76,0.0,0.0,0.0154,0.0154,14410
GBPAUD,3,30,287,90.59,-0.0074,-2.12,0.0,0.0,0.2119,0.0706,14410
AUDDKK,2,20,2297,90.55,-0.0012,-2.78,0.0,0.0,0.0308,0.0154,14410
USDCHF,3,30,127,90.55,-0.0145,-1.84,1.999999999990898e-05,0.0246,0.3687,0.1229,14410
AUDCAD,2,20,264,90.53,-0.006,-1.58,0.0,0.0,0.1435,0.0717,14410
XAGEUR,2,20,2183,90.47,-0.0111,-24.2,0.0,0.0,0.2305,0.1153,14410
NZDUSD,2,20,178,90.45,-0.0101,-1.8,2.0000000000020002e-05,0.02,0.2,0.1,14410
EURPLN,1,20,1847,90.42,-0.0271,-50.04,0.0,0.0,0.0268,0.0268,14410
USDINR,3,30,73,90.41,-0.0172,-1.26,0.016999999999995907,0.1778,0.3138,0.1046,14410
NZDUSD,2,30,104,90.38,-0.1077,-11.2,2.0000000000020002e-05,0.02,0.2,0.1,14410
NZDSEK,1,20,4662,90.37,-0.0107,-49.72,0.0,0.0,0.0104,0.0104,14410
GBPJPY,1,20,1620,90.31,-0.0649,-105.2,0.008000000000009777,0.0502,0.0627,0.0627,14410
AUDPLN,2,20,1335,90.26,-0.0038,-5.08,0.0,0.0,0.0535,0.0268,14410
GBPDKK,1,30,1960,90.26,-0.0312,-61.07,0.0,0.0,0.0154,0.0154,14410
CHFJPY,2,30,860,90.23,-0.0706,-60.73,0.0,0.0,0.1255,0.0627,14410
CADPLN,2,30,2186,90.21,-0.0303,-66.26,0.0,0.0,0.0535,0.0268,14410
USDJPY,2,30,766,90.21,-0.0711,-54.45,0.0030000000000143245,0.0188,0.1255,0.0627,14410
EURHUF,1,20,3490,90.2,-0.0335,-116.82,0.0,0.0,0.0316,0.0316,14410
GBPSEK,2,40,4778,90.18,-0.0221,-105.77,0.0,0.0,0.0209,0.0104,14410
EURUSD,3,30,112,90.18,-0.0241,-2.7,9.999999999843467e-06,0.01,0.3,0.1,14410
AUDPLN,3,30,722,90.17,-0.0066,-4.74,0.0,0.0,0.0803,0.0268,14410
XAUEUR,3,30,5380,90.15,-0.0289,-155.6,0.0,0.0,0.3458,0.1153,14410
EURSGD,2,20,223,90.13,-0.0133,-2.97,0.0,0.0,0.1562,0.0781,14410
DKKNOK,3,30,950,90.11,-0.0028,-2.65,0.0,0.0,0.0316,0.0105,14410
NOKSEK,1,20,882,90.02,-0.0114,-10.08,0.0,0.0,0.0104,0.0104,14410
AUDSEK,2,30,3839,90.0,-0.0125,-48.08,0.0,0.0,0.0209,0.0104,14410
EURDKK,2,30,40,90.0,-0.0185,-0.74,0.0,0.0,0.0308,0.0154,14410
EURUSD,2,20,190,90.0,-0.02,-3.8,9.999999999843467e-06,0.01,0.2,0.1,14410
CADCHF,3,30,50,90.0,-0.0369,-1.84,0.0,0.0,0.3687,0.1229,14410
CADPLN,1,20,3326,89.99,-0.0295,-98.13,0.0,0.0,0.0268,0.0268,14410
XAUAUD,2,40,5977,89.99,-0.1555,-929.46,0.0,0.0,0.1412,0.0706,14410
CADJPY,3,30,377,89.92,-0.0205,-7.72,0.0,0.0,0.1882,0.0627,14410
EURUSD,2,40,89,89.89,-0.2247,-20.0,9.999999999843467e-06,0.01,0.2,0.1,14410
NZDDKK,2,20,2111,89.86,-0.0035,-7.49,0.0,0.0,0.0308,0.0154,14410
CHFSGD,3,30,314,89.81,-0.0284,-8.9,0.0,0.0,0.2343,0.0781,14410
USDCAD,2,20,244,89.75,-0.0182,-4.45,1.999999999990898e-05,0.0143,0.1435,0.0717,14410
CHFPLN,2,30,2204,89.7,-0.0347,-76.43,0.0,0.0,0.0535,0.0268,14410
EURPLN,2,30,851,89.66,-0.035,-29.81,0.0,0.0,0.0535,0.0268,14410
EURHUF,2,30,2272,89.66,-0.0414,-94.17,0.0,0.0,0.0633,0.0316,14410
GBPCHF,2,20,279,89.61,-0.0352,-9.83,0.0,0.0,0.2458,0.1229,14410
EURCNH,3,30,2019,89.6,-0.0064,-12.94,0.0,0.0,0.0445,0.0148,14410
NZDSEK,3,30,2746,89.58,-0.0046,-12.52,0.0,0.0,0.0313,0.0104,14410
USDSGD,2,30,96,89.58,-0.1041,-10.0,7.00000000000145e-05,0.0547,0.1562,0.0781,14410
NZDDKK,3,30,1159,89.56,-0.0069,-7.96,0.0,0.0,0.0463,0.0154,14410
CNHJPY,2,20,76,89.47,-0.0198,-1.51,0.0,0.0,0.1255,0.0627,14410
GBPJPY,2,30,883,89.47,-0.086,-75.91,0.008000000000009777,0.0502,0.1255,0.0627,14410
EURMXN,2,40,4818,89.41,-0.0143,-69.06,0.0,0.0,0.0117,0.0059,14410
NZDUSD,3,30,85,89.41,-0.0494,-4.2,2.0000000000020002e-05,0.02,0.3,0.1,14410
PLNJPY,2,20,179,89.39,-0.021,-3.76,0.0,0.0,0.1255,0.0627,14410
AUDDKK,3,30,1299,89.38,-0.0078,-10.13,0.0,0.0,0.0463,0.0154,14410
DKKSEK,2,20,592,89.36,-0.0036,-2.11,0.0,0.0,0.0209,0.0104,14410
USDCHF,2,20,272,89.34,-0.0425,-11.55,1.999999999990898e-05,0.0246,0.2458,0.1229,14410
EURSGD,2,30,131,89.31,-0.1109,-14.53,0.0,0.0,0.1562,0.0781,14410
AUDUSD,2,20,149,89.26,-0.0362,-5.4,2.0000000000020002e-05,0.02,0.2,0.1,14410
GBPUSD,2,20,326,89.26,-0.0362,-11.8,9.999999999843467e-06,0.01,0.2,0.1,14410
CADNOK,1,20,5402,89.24,-0.0133,-71.58,0.0,0.0,0.0105,0.0105,14410
CADNOK,2,30,3861,89.23,-0.0152,-58.85,0.0,0.0,0.0211,0.0105,14410
GBPHKD,2,30,4130,89.15,-0.0187,-77.43,0.0,0.0,0.0255,0.0127,14410
EURNZD,3,30,378,89.15,-0.0339,-12.83,0.0,0.0,0.1757,0.0586,14410
XAUUSD,2,30,5953,89.13,-0.0148,-87.98,0.0,0.0,0.02,0.01,14410
CADCHF,2,20,110,89.09,-0.0492,-5.41,0.0,0.0,0.2458,0.1229,14410
AUDHKD,3,30,2334,89.07,-0.0077,-18.01,0.0,0.0,0.0382,0.0127,14410
NOKDKK,2,30,246,89.02,-0.0233,-5.74,0.0,0.0,0.0308,0.0154,14410
AUDCHF,2,20,82,89.02,-0.051,-4.18,0.0,0.0,0.2458,0.1229,14410
AUDSGD,3,30,100,89.0,-0.0492,-4.92,0.0,0.0,0.2343,0.0781,14410
AUDNOK,2,30,4121,88.98,-0.0161,-66.18,0.0,0.0,0.0211,0.0105,14410
XAUEUR,1,20,6743,88.89,-0.1536,-1035.7,0.0,0.0,0.1153,0.1153,14410
AUDSEK,1,20,5081,88.84,-0.014,-71.19,0.0,0.0,0.0104,0.0104,14410
DKKSEK,3,30,348,88.79,-0.0073,-2.53,0.0,0.0,0.0313,0.0104,14410
EURSGD,3,30,98,88.78,-0.055,-5.39,0.0,0.0,0.2343,0.0781,14410
USDSGD,3,30,89,88.76,-0.0553,-4.92,7.00000000000145e-05,0.0547,0.2343,0.0781,14410
NOKDKK,2,20,345,88.7,-0.0075,-2.59,0.0,0.0,0.0308,0.0154,14410
CHFSGD,2,20,645,88.68,-0.0383,-24.68,0.0,0.0,0.1562,0.0781,14410
EURSEK,2,30,4253,88.64,-0.017,-72.48,0.0,0.0,0.0209,0.0104,14410
CADSGD,2,40,44,88.64,-0.2166,-9.53,0.0,0.0,0.1562,0.0781,14410
AUDNZD,3,30,105,88.57,-0.0452,-4.75,0.0,0.0,0.1757,0.0586,14410
SEKNOK,1,20,1425,88.56,-0.0148,-21.03,0.0,0.0,0.0105,0.0105,14410
GBPNOK,2,40,5493,88.48,-0.0299,-164.24,0.0,0.0,0.0211,0.0105,14410
GBPDKK,2,30,1700,88.47,-0.026,-44.28,0.0,0.0,0.0308,0.0154,14410
CADMXN,2,30,5411,88.38,-0.0101,-54.54,0.0,0.0,0.0117,0.0059,14410
SEKNOK,2,30,782,88.36,-0.0181,-14.19,0.0,0.0,0.0211,0.0105,14410
CHFDKK,2,20,3195,88.2,-0.0092,-29.35,0.0,0.0,0.0308,0.0154,14410
NOKSEK,2,40,381,88.19,-0.0309,-11.77,0.0,0.0,0.0209,0.0104,14410
GBPCAD,2,20,432,88.19,-0.0428,-18.51,0.0,0.0,0.1435,0.0717,14410
AUDJPY,2,20,709,88.15,-0.038,-26.97,0.0,0.0,0.1255,0.0627,14410
NOKSEK,2,30,480,88.12,-0.0188,-9.01,0.0,0.0,0.0209,0.0104,14410
AUDUSD,3,30,84,88.1,-0.0929,-7.8,2.0000000000020002e-05,0.02,0.3,0.1,14410
EURCNH,2,20,3158,88.09,-0.0092,-29.0,0.0,0.0,0.0296,0.0148,14410
CADJPY,2,20,663,88.08,-0.039,-25.85,0.0,0.0,0.1255,0.0627,14410
AUDHKD,2,20,3466,88.03,-0.0081,-28.01,0.0,0.0,0.0255,0.0127,14410
EURNZD,2,20,751,88.02,-0.0373,-28.0,0.0,0.0,0.1172,0.0586,14410
AUDJPY,3,30,400,88.0,-0.0602,-24.09,0.0,0.0,0.1882,0.0627,14410
EURJPY,3,30,566,87.99,-0.0605,-34.25,0.003999999999990678,0.0251,0.1882,0.0627,14410
XAUAUD,1,30,6626,87.85,-0.1953,-1294.34,0.0,0.0,0.0706,0.0706,14410
EURNOK,2,30,5073,87.84,-0.0199,-101.05,0.0,0.0,0.0211,0.0105,14410
AUDCAD,3,30,123,87.8,-0.0735,-9.04,0.0,0.0,0.2152,0.0717,14410
XAUUSD,3,30,5577,87.59,-0.0109,-61.05,0.0,0.0,0.03,0.01,14410
AUDSEK,3,30,3237,87.55,-0.0116,-37.42,0.0,0.0,0.0313,0.0104,14410
PLNJPY,3,30,96,87.5,-0.0706,-6.78,0.0,0.0,0.1882,0.0627,14410
GBPDKK,3,30,1565,87.48,-0.0175,-27.33,0.0,0.0,0.0463,0.0154,14410
EURCZK,2,40,3368,87.47,-0.0155,-52.22,0.0,0.0,0.0095,0.0048,14410
GBPHKD,1,20,5440,87.46,-0.0208,-113.19,0.0,0.0,0.0127,0.0127,14410
EURJPY,2,20,925,87.46,-0.0476,-44.04,0.003999999999990678,0.0251,0.1255,0.0627,14410
CHFSEK,2,30,5452,87.44,-0.0211,-114.89,0.0,0.0,0.0209,0.0104,14410
GBPMXN,2,40,6078,87.41,-0.0193,-117.06,0.0,0.0,0.0117,0.0059,14410
HKDJPY,2,20,63,87.3,-0.0498,-3.14,0.0,0.0,0.1255,0.0627,14410
CADNOK,3,30,3364,87.25,-0.0127,-42.8,0.0,0.0,0.0316,0.0105,14410
CHFJPY,2,20,1208,87.25,-0.0505,-60.98,0.0,0.0,0.1255,0.0627,14410
EURCHF,2,20,125,87.2,-0.1003,-12.54,0.0,0.0,0.2458,0.1229,14410
NZDSEK,2,20,3977,87.18,-0.0086,-34.06,0.0,0.0,0.0209,0.0104,14410
AUDNOK,1,20,5346,86.91,-0.0184,-98.48,0.0,0.0,0.0105,0.0105,14410
GBPSEK,1,30,5548,86.9,-0.0319,-177.17,0.0,0.0,0.0104,0.0104,14410
EURMXN,1,30,5631,86.84,-0.018,-101.62,0.0,0.0,0.0059,0.0059,14410
GBPJPY,3,30,749,86.78,-0.0854,-63.99,0.008000000000009777,0.0502,0.1882,0.0627,14410
XAUEUR,2,20,6378,86.77,-0.105,-669.87,0.0,0.0,0.2305,0.1153,14410
CHFPLN,3,30,1829,86.66,-0.0375,-68.64,0.0,0.0,0.0803,0.0268,14410
USDJPY,3,30,584,86.64,-0.0883,-51.57,0.0030000000000143245,0.0188,0.1882,0.0627,14410
EURPLN,3,30,672,86.61,-0.038,-25.53,0.0,0.0,0.0803,0.0268,14410
EURSEK,1,20,5521,86.6,-0.0189,-104.49,0.0,0.0,0.0104,0.0104,14410
CADSGD,2,20,163,86.5,-0.0757,-12.34,0.0,0.0,0.1562,0.0781,14410
CHFNOK,2,40,4651,86.45,-0.0388,-180.63,0.0,0.0,0.0211,0.0105,14410
CADPLN,3,30,1765,86.4,-0.0398,-70.24,0.0,0.0,0.0803,0.0268,14410
CADSGD,2,30,95,86.32,-0.1858,-17.65,0.0,0.0,0.1562,0.0781,14410
EURSEK,3,30,3810,86.27,-0.016,-60.79,0.0,0.0,0.0313,0.0104,14410
USDSGD,2,20,159,86.16,-0.0815,-12.97,7.00000000000145e-05,0.0547,0.1562,0.0781,14410
NOKSEK,2,20,585,86.15,-0.0109,-6.38,0.0,0.0,0.0209,0.0104,14410
GBPDKK,1,20,2532,86.02,-0.0298,-75.57,0.0,0.0,0.0154,0.0154,14410
GBPHKD,3,30,3646,86.01,-0.0206,-75.09,0.0,0.0,0.0382,0.0127,14410
EURDKK,2,20,71,85.92,-0.0169,-1.2,0.0,0.0,0.0308,0.0154,14410
CADPLN,2,20,2708,85.89,-0.0295,-79.96,0.0,0.0,0.0535,0.0268,14410
AUDNOK,3,30,3589,85.87,-0.0175,-62.79,0.0,0.0,0.0316,0.0105,14410
SEKNOK,3,30,601,85.86,-0.0176,-10.55,0.0,0.0,0.0316,0.0105,14410
EURHUF,3,30,1823,85.85,-0.0529,-96.35,0.0,0.0,0.0949,0.0316,14410
CHFJPY,3,30,668,85.78,-0.1062,-70.95,0.0,0.0,0.1882,0.0627,14410
AUDSEK,2,20,4509,85.63,-0.0121,-54.62,0.0,0.0,0.0209,0.0104,14410
CHFPLN,1,20,4015,85.58,-0.0543,-217.93,0.0,0.0,0.0268,0.0268,14410
USDJPY,2,20,1010,85.54,-0.074,-74.78,0.0030000000000143245,0.0188,0.1255,0.0627,14410
CADMXN,3,30,5003,85.53,-0.0104,-52.06,0.0,0.0,0.0176,0.0059,14410
XAUAUD,2,30,6336,85.53,-0.1858,-1177.33,0.0,0.0,0.1412,0.0706,14410
GBPJPY,2,20,1195,85.52,-0.0743,-88.83,0.008000000000009777,0.0502,0.1255,0.0627,14410
EURNOK,1,20,6139,85.5,-0.0215,-132.14,0.0,0.0,0.0105,0.0105,14410
GBPSEK,2,30,5240,85.11,-0.0288,-151.01,0.0,0.0,0.0209,0.0104,14410
SEKJPY,2,20,47,85.11,-0.0801,-3.76,0.0,0.0,0.1255,0.0627,14410
CADNOK,2,20,4624,85.03,-0.0136,-62.91,0.0,0.0,0.0211,0.0105,14410
EURMXN,2,30,5269,84.8,-0.0168,-88.46,0.0,0.0,0.0117,0.0059,14410
SEKNOK,2,20,1048,84.64,-0.0145,-15.22,0.0,0.0,0.0211,0.0105,14410
EURHUF,2,20,2791,84.63,-0.0437,-122.01,0.0,0.0,0.0633,0.0316,14410
GBPNOK,1,30,6029,84.39,-0.0404,-243.64,0.0,0.0,0.0105,0.0105,14410
CHFNOK,1,30,5402,84.23,-0.0409,-221.19,0.0,0.0,0.0105,0.0105,14410
AUDNOK,2,20,4838,84.08,-0.0158,-76.47,0.0,0.0,0.0211,0.0105,14410
EURNOK,3,30,4541,84.03,-0.0239,-108.46,0.0,0.0,0.0316,0.0105,14410
CHFSEK,3,30,5006,84.0,-0.0238,-119.05,0.0,0.0,0.0313,0.0104,14410
CHFSEK,1,20,6487,83.83,-0.025,-162.1,0.0,0.0,0.0104,0.0104,14410
XAUUSD,1,20,6687,83.79,-0.024,-160.77,0.0,0.0,0.01,0.01,14410
EURRUB,1,30,1416,83.76,-0.4814,-681.72,0.0,0.0,0.1193,0.1193,11570
GBPHKD,2,20,4819,83.65,-0.0204,-98.1,0.0,0.0,0.0255,0.0127,14410
GBPNOK,2,30,5854,83.57,-0.0343,-200.84,0.0,0.0,0.0211,0.0105,14410
NOKDKK,3,30,164,83.54,-0.0375,-6.15,0.0,0.0,0.0463,0.0154,14410
EURRUB,2,40,980,83.47,-0.5897,-577.92,0.0,0.0,0.2386,0.1193,11570
XAUAUD,3,30,6054,83.37,-0.1758,-1064.13,0.0,0.0,0.2119,0.0706,14410
CADMXN,1,20,6371,83.32,-0.0147,-93.49,0.0,0.0,0.0059,0.0059,14410
EURCZK,1,30,3961,83.29,-0.0199,-78.7,0.0,0.0,0.0048,0.0048,14410
EURPLN,2,20,1208,83.2,-0.0454,-54.86,0.0,0.0,0.0535,0.0268,14410
GBPDKK,2,20,2225,83.19,-0.0262,-58.24,0.0,0.0,0.0308,0.0154,14410
EURCZK,2,30,3948,83.13,-0.0161,-63.76,0.0,0.0,0.0095,0.0048,14410
USDINR,2,20,148,83.11,-0.1795,-26.57,0.016999999999995907,0.1778,0.2092,0.1046,14410
EURCZK,3,30,3930,83.0,-0.0124,-48.73,0.0,0.0,0.0143,0.0048,14410
GBPSEK,3,30,4962,82.95,-0.0274,-135.91,0.0,0.0,0.0313,0.0104,14410
CADSGD,3,30,58,82.76,-0.2101,-12.18,0.0,0.0,0.2343,0.0781,14410
EURSEK,2,20,4836,82.75,-0.0187,-90.48,0.0,0.0,0.0209,0.0104,14410
GBPMXN,1,30,6666,82.72,-0.0255,-170.22,0.0,0.0,0.0059,0.0059,14410
NZDNOK,2,40,4418,82.59,-0.0559,-247.0,0.0,0.0,0.0211,0.0105,14410
CHFNOK,2,30,5108,82.52,-0.0378,-193.29,0.0,0.0,0.0211,0.0105,14410
GBPNOK,3,30,5694,82.49,-0.0292,-166.55,0.0,0.0,0.0316,0.0105,14410
EURMXN,3,30,4943,82.32,-0.0166,-82.12,0.0,0.0,0.0176,0.0059,14410
EURNOK,2,20,5564,82.1,-0.0204,-113.54,0.0,0.0,0.0211,0.0105,14410
NOKSEK,3,30,333,81.68,-0.0318,-10.58,0.0,0.0,0.0313,0.0104,14410
CHFNOK,3,30,4901,81.19,-0.0338,-165.53,0.0,0.0,0.0316,0.0105,14410
XAUUSD,2,20,6377,81.07,-0.0216,-138.0,0.0,0.0,0.02,0.01,14410
NZDMXN,2,40,4488,81.02,-0.035,-157.11,0.0,0.0,0.0117,0.0059,14410
GBPMXN,2,30,6390,80.92,-0.0241,-153.71,0.0,0.0,0.0117,0.0059,14410
GBPZAR,2,40,6518,80.9,-0.0373,-242.89,0.0,0.0,0.0124,0.0062,14410
CHFZAR,2,40,6235,80.72,-0.0377,-235.23,0.0,0.0,0.0124,0.0062,14410
EURRUB,2,30,1159,80.41,-0.5091,-590.09,0.0,0.0,0.2386,0.1193,11570
CHFPLN,2,20,3198,80.18,-0.0632,-202.09,0.0,0.0,0.0535,0.0268,14410
CADMXN,2,20,5961,79.97,-0.0141,-84.07,0.0,0.0,0.0117,0.0059,14410
NZDMXN,1,30,5259,79.79,-0.0309,-162.3,0.0,0.0,0.0059,0.0059,14410
CHFSEK,2,20,5987,79.72,-0.0257,-153.67,0.0,0.0,0.0209,0.0104,14410
EURRUB,1,20,1731,79.38,-0.3974,-687.92,0.0,0.0,0.1193,0.1193,11570
EURILS,1,30,4895,79.2,-0.1824,-892.94,0.0,0.0,0.0335,0.0335,14410
GBPMXN,3,30,6179,79.06,-0.0229,-141.62,0.0,0.0,0.0176,0.0059,14410
AUDZAR,2,40,5944,78.99,-0.0422,-251.04,0.0,0.0,0.0124,0.0062,14410
EURZAR,2,40,6200,78.92,-0.0424,-262.94,0.0,0.0,0.0124,0.0062,14410
GBPSEK,1,20,6008,78.71,-0.0362,-217.45,0.0,0.0,0.0104,0.0104,14410
NZDMXN,2,30,5023,78.38,-0.0288,-144.79,0.0,0.0,0.0117,0.0059,14410
XAUAUD,1,20,6892,78.35,-0.2504,-1725.88,0.0,0.0,0.0706,0.0706,14410
EURMXN,1,20,6117,78.13,-0.0211,-128.82,0.0,0.0,0.0059,0.0059,14410
GBPCZK,2,40,6750,78.07,-0.0343,-231.25,0.0,0.0,0.0095,0.0048,14410
EURRUB,3,30,991,77.19,-0.5399,-535.09,0.0,0.0,0.3579,0.1193,11570
CHFNOK,1,20,5889,77.02,-0.0403,-237.13,0.0,0.0,0.0105,0.0105,14410
GBPSEK,2,20,5823,76.85,-0.0323,-187.82,0.0,0.0,0.0209,0.0104,14410
CHFMXN,2,40,4927,76.62,-0.0458,-225.81,0.0,0.0,0.0117,0.0059,14410
NZDMXN,3,30,4770,76.52,-0.0278,-132.74,0.0,0.0,0.0176,0.0059,14410
NZDNOK,3,30,4949,76.5,-0.0501,-247.74,0.0,0.0,0.0316,0.0105,14410
NZDNOK,2,30,4949,76.5,-0.0581,-287.6,0.0,0.0,0.0211,0.0105,14410
NZDNOK,1,30,4949,76.5,-0.0662,-327.45,0.0,0.0,0.0105,0.0105,14410
EURCZK,1,20,4603,76.17,-0.019,-87.6,0.0,0.0,0.0048,0.0048,14410
EURCZK,2,20,4590,76.08,-0.0155,-71.17,0.0,0.0,0.0095,0.0048,14410
XAUAUD,2,20,6711,76.01,-0.2315,-1553.43,0.0,0.0,0.1412,0.0706,14410
CHFNOK,2,20,5667,75.74,-0.0351,-199.14,0.0,0.0,0.0211,0.0105,14410
EURMXN,2,20,5819,75.72,-0.0196,-113.97,0.0,0.0,0.0117,0.0059,14410
EURILS,2,40,3602,75.29,-0.2806,-1010.59,0.0,0.0,0.067,0.0335,14410
CHFMXN,1,30,5608,75.25,-0.0391,-219.3,0.0,0.0,0.0059,0.0059,14410
NZDMXN,1,20,5887,74.89,-0.025,-147.4,0.0,0.0,0.0059,0.0059,14410
EURRUB,2,20,1413,74.88,-0.4208,-594.62,0.0,0.0,0.2386,0.1193,11570
EURILS,1,20,5359,74.49,-0.1459,-781.92,0.0,0.0,0.0335,0.0335,14410
CHFMXN,2,30,5380,73.61,-0.0378,-203.24,0.0,0.0,0.0117,0.0059,14410
AUDTHB,2,40,6870,73.58,-0.0275,-188.7,0.0,0.0,0.006,0.003,14410
GBPNOK,1,20,6362,73.51,-0.048,-305.56,0.0,0.0,0.0105,0.0105,14410
CHFZAR,1,30,6568,73.34,-0.045,-295.24,0.0,0.0,0.0062,0.0062,14410
AUDZAR,1,30,6326,73.05,-0.0455,-287.92,0.0,0.0,0.0062,0.0062,14410
NZDMXN,2,20,5641,72.7,-0.0235,-132.44,0.0,0.0,0.0117,0.0059,14410
GBPCZK,1,30,6929,72.64,-0.0356,-246.4,0.0,0.0,0.0048,0.0048,14410
GBPNOK,2,20,6255,72.6,-0.0424,-265.29,0.0,0.0,0.0211,0.0105,14410
AUDZAR,2,30,6247,72.27,-0.0425,-265.65,0.0,0.0,0.0124,0.0062,14410
CHFZAR,2,30,6485,72.21,-0.0426,-276.56,0.0,0.0,0.0124,0.0062,14410
EURILS,2,30,4059,72.16,-0.2314,-939.12,0.0,0.0,0.067,0.0335,14410
CHFMXN,3,30,5181,72.15,-0.0363,-187.98,0.0,0.0,0.0176,0.0059,14410
CHFMXN,1,20,6049,71.88,-0.0287,-173.89,0.0,0.0,0.0059,0.0059,14410
GBPCZK,2,30,6884,71.78,-0.0334,-230.06,0.0,0.0,0.0095,0.0048,14410
CHFZAR,3,30,6390,71.56,-0.0395,-252.41,0.0,0.0,0.0186,0.0062,14410
GBPMXN,1,20,6914,71.49,-0.0292,-202.05,0.0,0.0,0.0059,0.0059,14410
AUDZAR,3,30,6137,71.16,-0.0403,-247.51,0.0,0.0,0.0186,0.0062,14410
GBPZAR,1,30,6712,70.71,-0.05,-335.58,0.0,0.0,0.0062,0.0062,14410
GBPZAR,2,30,6705,70.63,-0.0458,-306.9,0.0,0.0,0.0124,0.0062,14410
GBPZAR,3,30,6698,70.51,-0.0416,-278.95,0.0,0.0,0.0186,0.0062,14410
EURZAR,1,30,6501,70.27,-0.0508,-330.56,0.0,0.0,0.0062,0.0062,14410
CHFMXN,2,20,5828,70.02,-0.0269,-156.93,0.0,0.0,0.0117,0.0059,14410
GBPMXN,2,20,6742,69.92,-0.0271,-182.45,0.0,0.0,0.0117,0.0059,14410
GBPCZK,3,30,6676,69.37,-0.0338,-225.54,0.0,0.0,0.0143,0.0048,14410
EURZAR,2,30,6410,68.92,-0.0492,-315.1,0.0,0.0,0.0124,0.0062,14410
EURZAR,3,30,6335,68.21,-0.0464,-293.65,0.0,0.0,0.0186,0.0062,14410
EURILS,2,20,4619,67.14,-0.1752,-809.05,0.0,0.0,0.067,0.0335,14410
CHFTRY,2,40,6314,67.07,-0.0248,-156.33,0.0,0.0,0.0042,0.0021,14410
EURILS,3,30,3571,66.98,-0.2644,-944.21,0.0,0.0,0.1005,0.0335,14410
AUDTHB,3,30,6998,62.85,-0.028,-195.69,0.0,0.0,0.0091,0.003,14410
AUDTHB,2,30,6998,62.83,-0.0299,-209.07,0.0,0.0,0.006,0.003,14410
AUDTHB,1,30,6998,62.83,-0.0318,-222.35,0.0,0.0,0.003,0.003,14410
EURTRY,2,40,5667,62.68,-0.0286,-162.21,0.0,0.0,0.0042,0.0021,14410
NZDNOK,2,20,5970,62.03,-0.0669,-399.36,0.0,0.0,0.0211,0.0105,14410
NZDNOK,1,20,5970,62.03,-0.0734,-438.34,0.0,0.0,0.0105,0.0105,14410
AUDZAR,1,20,6625,60.97,-0.0445,-295.04,0.0,0.0,0.0062,0.0062,14410
GBPHUF,2,40,4981,60.91,-0.4562,-2272.26,0.0,0.0,0.0633,0.0316,14410
AUDZAR,2,20,6573,60.17,-0.0418,-275.05,0.0,0.0,0.0124,0.0062,14410
GBPHUF,1,30,5731,59.95,-0.3612,-2069.81,0.0,0.0,0.0316,0.0316,14410
GBPTRY,2,40,7031,58.97,-0.0319,-224.19,0.0,0.0,0.0042,0.0021,14410
CHFZAR,1,20,6776,58.85,-0.0473,-320.36,0.0,0.0,0.0062,0.0062,14410
CHFZAR,2,20,6724,58.16,-0.0446,-299.73,0.0,0.0,0.0124,0.0062,14410
GBPCZK,2,20,7056,58.02,-0.0344,-242.62,0.0,0.0,0.0095,0.0048,14410
GBPCZK,1,20,7077,57.92,-0.0372,-263.58,0.0,0.0,0.0048,0.0048,14410
EURTRY,2,30,5782,56.62,-0.0249,-143.78,0.0,0.0,0.0042,0.0021,14410
EURTRY,1,30,5823,56.62,-0.0261,-151.71,0.0,0.0,0.0021,0.0021,14410
GBPHUF,1,20,5997,56.51,-0.2573,-1543.2,0.0,0.0,0.0316,0.0316,14410
EURZAR,1,20,6693,56.25,-0.0507,-339.05,0.0,0.0,0.0062,0.0062,14410
CHFTRY,1,30,6655,56.06,-0.0264,-175.8,0.0,0.0,0.0021,0.0021,14410
EURTRY,3,30,5748,55.98,-0.0241,-138.66,0.0,0.0,0.0063,0.0021,14410
CHFTRY,2,30,6640,55.86,-0.0254,-168.52,0.0,0.0,0.0042,0.0021,14410
CHFTRY,3,30,6623,55.85,-0.0242,-160.38,0.0,0.0,0.0063,0.0021,14410
EURZAR,2,20,6638,55.56,-0.0481,-319.43,0.0,0.0,0.0124,0.0062,14410
GBPHUF,2,30,5316,55.46,-0.3877,-2061.27,0.0,0.0,0.0633,0.0316,14410
GBPZAR,1,20,6871,54.82,-0.0525,-360.82,0.0,0.0,0.0062,0.0062,14410
GBPZAR,2,20,6863,54.74,-0.0492,-337.88,0.0,0.0,0.0124,0.0062,14410
GBPHUF,2,20,5624,52.08,-0.2703,-1520.13,0.0,0.0,0.0633,0.0316,14410
GBPHUF,3,30,5045,51.62,-0.4103,-2069.94,0.0,0.0,0.0949,0.0316,14410
CHFTRY,1,20,6733,50.74,-0.0196,-131.71,0.0,0.0,0.0021,0.0021,14410
GBPTRY,1,30,7097,50.51,-0.03,-213.03,0.0,0.0,0.0021,0.0021,14410
GBPTRY,2,30,7088,50.47,-0.029,-205.49,0.0,0.0,0.0042,0.0021,14410
CHFTRY,2,20,6720,50.46,-0.0186,-125.16,0.0,0.0,0.0042,0.0021,14410
GBPTRY,3,30,7075,49.77,-0.0284,-201.06,0.0,0.0,0.0063,0.0021,14410
AUDTHB,2,20,7081,47.56,-0.0288,-203.9,0.0,0.0,0.006,0.003,14410
AUDTHB,1,20,7081,47.56,-0.0302,-214.07,0.0,0.0,0.003,0.003,14410
GBPPLN,2,40,6594,47.42,-0.5374,-3543.62,0.0,0.0,0.0535,0.0268,14410
EURTRY,1,20,5947,47.33,-0.0211,-125.22,0.0,0.0,0.0021,0.0021,14410
EURTRY,2,20,5912,46.8,-0.0203,-120.07,0.0,0.0,0.0042,0.0021,14410
GBPPLN,1,30,6857,41.64,-0.4574,-3136.31,0.0,0.0,0.0268,0.0268,14410
GBPPLN,2,30,6780,40.47,-0.4562,-3093.15,0.0,0.0,0.0535,0.0268,14410
GBPTRY,1,20,7141,40.22,-0.0242,-172.7,0.0,0.0,0.0021,0.0021,14410
GBPTRY,2,20,7136,40.2,-0.0233,-166.62,0.0,0.0,0.0042,0.0021,14410
GBPPLN,3,30,6720,39.97,-0.4498,-3022.77,0.0,0.0,0.0803,0.0268,14410
GBPPLN,1,20,6948,32.35,-0.3534,-2455.21,0.0,0.0,0.0268,0.0268,14410
GBPPLN,2,20,6886,31.69,-0.3486,-2400.73,0.0,0.0,0.0535,0.0268,14410
NZDHUF,2,40,7184,16.61,-0.0105,-75.08,0.0,0.0,0.0006,0.0003,14410
CHFHUF,2,40,7188,15.73,-0.0106,-75.94,0.0,0.0,0.0006,0.0003,14410
CHFHUF,3,30,7188,14.07,-0.008,-57.67,0.0,0.0,0.0009,0.0003,14410
CHFHUF,2,30,7188,14.07,-0.0081,-57.99,0.0,0.0,0.0006,0.0003,14410
CHFHUF,1,30,7188,14.07,-0.0081,-58.31,0.0,0.0,0.0003,0.0003,14410
AUDHUF,2,40,7183,13.45,-0.0109,-78.07,0.0,0.0,0.0006,0.0003,14410
CHFHUF,2,20,7188,13.27,-0.0054,-38.85,0.0,0.0,0.0006,0.0003,14410
CHFHUF,1,20,7188,13.27,-0.0054,-39.15,0.0,0.0,0.0003,0.0003,14410
NZDHUF,3,30,7185,12.8,-0.0082,-58.6,0.0,0.0,0.0009,0.0003,14410
NZDHUF,2,30,7185,12.8,-0.0082,-58.89,0.0,0.0,0.0006,0.0003,14410
NZDHUF,1,30,7185,12.8,-0.0082,-59.18,0.0,0.0,0.0003,0.0003,14410
NZDHUF,2,20,7187,10.64,-0.0056,-40.16,0.0,0.0,0.0006,0.0003,14410
NZDHUF,1,20,7187,10.64,-0.0056,-40.4,0.0,0.0,0.0003,0.0003,14410
AUDHUF,3,30,7184,10.31,-0.0084,-60.46,0.0,0.0,0.0009,0.0003,14410
AUDHUF,2,30,7184,10.31,-0.0084,-60.69,0.0,0.0,0.0006,0.0003,14410
AUDHUF,1,30,7184,10.31,-0.0085,-60.92,0.0,0.0,0.0003,0.0003,14410
AUDHUF,2,20,7184,8.64,-0.0057,-41.14,0.0,0.0,0.0006,0.0003,14410
AUDHUF,1,20,7184,8.64,-0.0058,-41.34,0.0,0.0,0.0003,0.0003,14410
