entry_time,exit_time,side,mode,reason,entry,exit,pnl,r,outcome
2026-07-08 01:30:00+00:00,2026-07-08 01:35:00+00:00,buy,scalp,scalper_2h_long,63386.16015625,63233.2451171875,-18.73066929782546,-1.0,sl
2026-07-08 01:35:00+00:00,2026-07-08 01:40:00+00:00,buy,scalp,scalper_2h_long,63299.23828125,63151.16685267857,-15.317173015183446,-1.0,sl
2026-07-08 01:40:00+00:00,2026-07-08 02:05:00+00:00,buy,scalp,scalper_2h_long,62979.890625,62796.690150669645,-11.933371704855261,-1.0,sl
2026-07-08 02:05:00+00:00,2026-07-08 02:30:00+00:00,buy,scalp,scalper_2h_long,62895.3984375,62690.77483258928,-9.597161505451519,-1.0,sl
2026-07-08 02:35:00+00:00,2026-07-08 02:45:00+00:00,buy,scalp,scalper_2h_long,62681.1796875,62990.29631696428,7.803412555941977,1.333333333333302,tp
2026-07-08 03:50:00+00:00,2026-07-08 03:55:00+00:00,buy,scalp,scalper_2h_long,62852.30859375,62713.79045758928,-9.966485471269312,-1.0,sl
2026-07-08 03:55:00+00:00,2026-07-08 04:20:00+00:00,buy,scalp,scalper_2h_long,62663.23046875,62844.53236607143,6.6990155672824026,1.3333333333333155,tp
2026-07-08 05:40:00+00:00,2026-07-08 06:20:00+00:00,buy,scalp,scalper_2h_long,62613.51171875,62484.630161830355,-9.484255301357189,-1.0,sl
2026-07-08 06:20:00+00:00,2026-07-08 06:35:00+00:00,buy,scalp,scalper_2h_long,62531.98828125,62425.988002232145,-8.016755602209154,-1.0,sl
2026-07-08 06:40:00+00:00,2026-07-08 06:50:00+00:00,buy,scalp,scalper_2h_long,62467.98828125,62639.42912946428,4.9158902952671575,1.3333333333332766,tp
2026-07-08 06:55:00+00:00,2026-07-08 07:30:00+00:00,sell,scalp,scalper_2h_short,62658.421875,62786.312779017855,-7.059684000519849,-1.0,sl
2026-07-08 07:30:00+00:00,2026-07-08 08:15:00+00:00,sell,scalp,scalper_2h_short,62755.69921875,62562.614955357145,4.7192943995652294,1.3333333333332997,tp
2026-07-08 08:20:00+00:00,2026-07-08 08:25:00+00:00,buy,scalp,scalper_2h_long,62426.3984375,62259.06138392857,-6.24744182180952,-1.0,sl
2026-07-08 08:25:00+00:00,2026-07-08 08:30:00+00:00,buy,scalp,scalper_2h_long,62160.01171875,61973.87444196428,-5.002765618507959,-1.0,sl
2026-07-08 08:30:00+00:00,2026-07-08 08:40:00+00:00,buy,scalp,scalper_2h_long,62014.87890625,61820.265625,-4.070640987217779,-1.0,sl
2026-07-08 08:40:00+00:00,2026-07-08 08:45:00+00:00,buy,scalp,scalper_2h_long,61922.01171875,62222.19029017857,3.279063131296382,1.3333333333333441,tp
2026-07-08 08:45:00+00:00,2026-07-08 09:15:00+00:00,buy,scalp,scalper_2h_long,61978.6484375,61740.68205915178,-3.8140062437216216,-1.0,sl
2026-07-08 09:15:00+00:00,2026-07-08 11:15:00+00:00,buy,scalp,scalper_2h_long,61826.91015625,62104.5,2.135804197282203,0.9042018563330008,time
2026-07-08 11:45:00+00:00,2026-07-08 12:30:00+00:00,sell,scalp,scalper_2h_short,62252.5,62090.89174107143,3.1234937489783423,1.3333333333333532,tp
2026-07-08 12:45:00+00:00,2026-07-08 13:00:00+00:00,buy,scalp,scalper_2h_long,62044.9609375,61886.27106584822,-4.339995037272737,-1.0,sl
2026-07-08 13:00:00+00:00,2026-07-08 13:25:00+00:00,buy,scalp,scalper_2h_long,61891.48828125,61743.73451450893,-3.584227433026209,-1.0,sl
2026-07-08 13:25:00+00:00,2026-07-08 13:30:00+00:00,buy,scalp,scalper_2h_long,61755.41015625,61934.51953125,2.4604865446731568,1.3333333333333333,tp
2026-07-08 13:30:00+00:00,2026-07-08 13:35:00+00:00,buy,scalp,scalper_2h_long,61816.69921875,62000.77845982143,2.870138863908245,1.3333333333333157,tp
2026-07-08 13:50:00+00:00,2026-07-08 14:00:00+00:00,buy,scalp,scalper_2h_long,61667.8984375,61906.549107142855,3.5221196375243515,1.3333333333333062,tp
2026-07-08 15:05:00+00:00,2026-07-08 16:55:00+00:00,buy,scalp,scalper_2h_long,61732.1796875,62087.58928571428,4.364992472237769,1.333333333333306,tp
2026-07-08 17:00:00+00:00,2026-07-08 17:20:00+00:00,sell,scalp,scalper_2h_short,62042.01171875,62189.32310267857,-5.398326364657936,-1.0,sl
2026-07-08 17:25:00+00:00,2026-07-08 17:35:00+00:00,sell,scalp,scalper_2h_short,62176.28125,62332.4306640625,-4.335707811168892,-1.0,sl
2026-07-08 17:35:00+00:00,2026-07-08 17:50:00+00:00,sell,scalp,scalper_2h_short,62282.78125,62069.38225446428,3.133740001004221,1.3333333333333788,tp
2026-07-08 19:45:00+00:00,2026-07-08 19:50:00+00:00,sell,scalp,scalper_2h_short,62219.2109375,62078.064174107145,3.255200356218192,1.3333333333332875,tp
2026-07-08 20:40:00+00:00,2026-07-08 21:10:00+00:00,buy,scalp,scalper_2h_long,62113.58984375,61993.804966517855,-4.992239181862526,-1.0,sl
2026-07-08 21:10:00+00:00,2026-07-08 21:55:00+00:00,buy,scalp,scalper_2h_long,62025.2109375,62181.31305803572,3.1060607004886207,1.3333333333333954,tp
2026-07-08 22:00:00+00:00,2026-07-08 22:05:00+00:00,sell,scalp,scalper_2h_short,62138.3203125,62253.0498046875,-4.670063220704503,-1.0,sl
2026-07-08 22:05:00+00:00,2026-07-09 00:05:00+00:00,sell,scalp,scalper_2h_short,62224.58984375,62122.0390625,1.6328236026061538,0.9091475767492598,time
2026-07-09 00:10:00+00:00,2026-07-09 01:05:00+00:00,buy,scalp,scalper_2h_long,62100.73828125,62230.802455357145,2.9198154239238665,1.333333333333383,tp
2026-07-09 01:10:00+00:00,2026-07-09 01:30:00+00:00,sell,scalp,scalper_2h_short,62501.26953125,62270.05022321428,3.917677661545288,1.3333333333333752,tp
2026-07-09 01:55:00+00:00,2026-07-09 02:50:00+00:00,buy,scalp,scalper_2h_long,61886.890625,61653.22209821428,-4.745396828037328,-1.0,sl
2026-07-09 02:50:00+00:00,2026-07-09 03:30:00+00:00,buy,scalp,scalper_2h_long,61697.48828125,61943.46930803572,3.8317276795102284,1.3333333333333728,tp
2026-07-09 03:35:00+00:00,2026-07-09 04:30:00+00:00,sell,scalp,scalper_2h_short,61963.890625,62136.0126953125,-4.8125120531409875,-1.0,sl
2026-07-09 04:30:00+00:00,2026-07-09 04:35:00+00:00,sell,scalp,scalper_2h_short,62039.76171875,62156.77971540178,-4.265095879743449,-1.0,sl
2026-07-09 04:35:00+00:00,2026-07-09 04:45:00+00:00,sell,scalp,scalper_2h_short,62150.390625,62267.83677455357,-3.4202767976219595,-1.0,sl
2026-07-09 04:45:00+00:00,2026-07-09 04:55:00+00:00,sell,scalp,scalper_2h_short,62252.48828125,62357.52845982143,-2.8236663055543616,-1.0,sl
2026-07-09 04:55:00+00:00,2026-07-09 05:10:00+00:00,sell,scalp,scalper_2h_short,62316.94140625,62419.434849330355,-2.2647934881019087,-1.0,sl
