start,end,pnl,equity,trades,win_rate
2026-07-09 01:00:00+00:00,2026-07-09 03:00:00+00:00,-3.5402294571375137,96.45977054286249,2,50.0
2026-07-09 02:00:00+00:00,2026-07-09 04:00:00+00:00,9.677076305773852,109.67707630577385,1,100.0
2026-07-09 03:00:00+00:00,2026-07-09 05:00:00+00:00,-39.22361162366415,60.77638837633585,4,25.0
2026-07-09 04:00:00+00:00,2026-07-09 06:00:00+00:00,-52.05983920433034,47.94016079566966,5,20.0
2026-07-09 05:00:00+00:00,2026-07-09 07:00:00+00:00,-50.21584209876446,49.78415790123554,5,20.0
2026-07-09 06:00:00+00:00,2026-07-09 08:00:00+00:00,-42.44528436461061,57.55471563538939,4,25.0
2026-07-09 07:00:00+00:00,2026-07-09 09:00:00+00:00,-4.429563560647864,95.57043643935214,2,50.0
2026-07-09 08:00:00+00:00,2026-07-09 10:00:00+00:00,2.7090722228503807,102.70907222285038,1,100.0
2026-07-09 09:00:00+00:00,2026-07-09 11:00:00+00:00,15.484485878495576,115.48448587849558,2,100.0
2026-07-09 10:00:00+00:00,2026-07-09 12:00:00+00:00,-9.931231714485008,90.06876828551499,3,33.33333333333333
2026-07-09 11:00:00+00:00,2026-07-09 13:00:00+00:00,22.01674239995745,122.01674239995745,4,75.0
2026-07-09 12:00:00+00:00,2026-07-09 14:00:00+00:00,-14.336662734917965,85.66333726508203,5,40.0
2026-07-09 13:00:00+00:00,2026-07-09 15:00:00+00:00,-2.6776980489769073,97.32230195102309,2,50.0
2026-07-09 14:00:00+00:00,2026-07-09 16:00:00+00:00,17.550064381239494,117.5500643812395,1,100.0
2026-07-09 15:00:00+00:00,2026-07-09 17:00:00+00:00,-3.1421370753908775,96.85786292460912,3,66.66666666666666
2026-07-09 16:00:00+00:00,2026-07-09 18:00:00+00:00,-21.597233558016384,78.40276644198362,3,33.33333333333333
2026-07-09 17:00:00+00:00,2026-07-09 19:00:00+00:00,-40.9288794047132,59.0711205952868,4,25.0
2026-07-09 18:00:00+00:00,2026-07-09 20:00:00+00:00,9.58239868989007,109.58239868989007,3,66.66666666666666
2026-07-09 19:00:00+00:00,2026-07-09 21:00:00+00:00,15.308281243537081,115.30828124353708,1,100.0
2026-07-09 20:00:00+00:00,2026-07-09 22:00:00+00:00,20.198342845759385,120.19834284575938,2,100.0
2026-07-09 21:00:00+00:00,2026-07-09 23:00:00+00:00,45.573944454455926,145.57394445445593,3,100.0
2026-07-09 22:00:00+00:00,2026-07-10 00:00:00+00:00,3.091446026599826,103.09144602659983,3,66.66666666666666
2026-07-09 23:00:00+00:00,2026-07-10 01:00:00+00:00,-14.613756044235316,85.38624395576468,4,50.0
2026-07-10 00:00:00+00:00,2026-07-10 02:00:00+00:00,-28.30891562342987,71.69108437657013,4,25.0
2026-07-10 01:00:00+00:00,2026-07-10 03:00:00+00:00,-31.74524039140401,68.25475960859599,3,33.33333333333333
2026-07-10 02:00:00+00:00,2026-07-10 04:00:00+00:00,-21.972095942884806,78.0279040571152,2,0.0
2026-07-10 03:00:00+00:00,2026-07-10 05:00:00+00:00,0.3881635432689876,100.38816354326899,3,66.66666666666666
2026-07-10 04:00:00+00:00,2026-07-10 06:00:00+00:00,-6.4652569862604,93.5347430137396,3,66.66666666666666
2026-07-10 05:00:00+00:00,2026-07-10 07:00:00+00:00,-8.902864226501563,91.09713577349844,2,50.0
2026-07-10 06:00:00+00:00,2026-07-10 08:00:00+00:00,-14.807086857741325,85.19291314225867,3,33.33333333333333
2026-07-10 07:00:00+00:00,2026-07-10 09:00:00+00:00,0.35781947432705863,100.35781947432706,3,66.66666666666666
2026-07-10 08:00:00+00:00,2026-07-10 10:00:00+00:00,-15.713630113946394,84.2863698860536,3,33.33333333333333
2026-07-10 09:00:00+00:00,2026-07-10 11:00:00+00:00,-10.985554908934148,89.01444509106585,1,0.0
2026-07-10 10:00:00+00:00,2026-07-10 12:00:00+00:00,6.4235534925060875,106.42355349250609,1,100.0
2026-07-10 11:00:00+00:00,2026-07-10 13:00:00+00:00,13.194076506687452,113.19407650668745,3,66.66666666666666
2026-07-10 12:00:00+00:00,2026-07-10 14:00:00+00:00,21.364496367552917,121.36449636755292,4,75.0
2026-07-10 13:00:00+00:00,2026-07-10 15:00:00+00:00,-15.411313183673258,84.58868681632674,5,40.0
2026-07-10 14:00:00+00:00,2026-07-10 16:00:00+00:00,-21.078912406599457,78.92108759340054,2,0.0
2026-07-10 15:00:00+00:00,2026-07-10 17:00:00+00:00,15.59488990228013,115.59488990228013,1,100.0
2026-07-10 16:00:00+00:00,2026-07-10 18:00:00+00:00,34.21835640449197,134.21835640449197,2,100.0
2026-07-10 17:00:00+00:00,2026-07-10 19:00:00+00:00,10.093739772481953,110.09373977248195,2,50.0
2026-07-10 18:00:00+00:00,2026-07-10 20:00:00+00:00,29.30356348059388,129.30356348059388,2,100.0
2026-07-10 19:00:00+00:00,2026-07-10 21:00:00+00:00,24.970883420264954,124.97088342026495,2,100.0
2026-07-10 20:00:00+00:00,2026-07-10 22:00:00+00:00,-5.414655517390585,94.58534448260941,3,66.66666666666666
2026-07-10 21:00:00+00:00,2026-07-10 23:00:00+00:00,-29.75213414499693,70.24786585500307,3,33.33333333333333
2026-07-10 22:00:00+00:00,2026-07-11 00:00:00+00:00,27.345357356745097,127.3453573567451,2,100.0
2026-07-10 23:00:00+00:00,2026-07-11 01:00:00+00:00,22.8924331465968,122.8924331465968,2,100.0
2026-07-11 00:00:00+00:00,2026-07-11 02:00:00+00:00,-13.205214035271226,86.79478596472877,2,50.0
2026-07-11 01:00:00+00:00,2026-07-11 03:00:00+00:00,-13.1403803867572,86.8596196132428,3,33.33333333333333
2026-07-11 02:00:00+00:00,2026-07-11 04:00:00+00:00,-3.6521197173438082,96.34788028265619,1,0.0
2026-07-11 03:00:00+00:00,2026-07-11 05:00:00+00:00,10.520608932049967,110.52060893204997,1,100.0
2026-07-11 04:00:00+00:00,2026-07-11 06:00:00+00:00,10.520608932049967,110.52060893204997,1,100.0
2026-07-11 05:00:00+00:00,2026-07-11 07:00:00+00:00,-6.359770815541623,93.64022918445838,1,0.0
2026-07-11 06:00:00+00:00,2026-07-11 08:00:00+00:00,4.089465165684516,104.08946516568452,1,100.0
2026-07-11 07:00:00+00:00,2026-07-11 09:00:00+00:00,-29.601503884534637,70.39849611546536,3,33.33333333333333
2026-07-11 08:00:00+00:00,2026-07-11 10:00:00+00:00,-51.506632697994036,48.493367302005964,4,25.0
2026-07-11 09:00:00+00:00,2026-07-11 11:00:00+00:00,-31.710094804707467,68.28990519529253,2,0.0
2026-07-11 10:00:00+00:00,2026-07-11 12:00:00+00:00,-11.717983160692313,88.28201683930769,1,0.0
2026-07-11 11:00:00+00:00,2026-07-11 13:00:00+00:00,14.652857522353258,114.65285752235326,2,100.0
2026-07-11 12:00:00+00:00,2026-07-11 14:00:00+00:00,-32.253804458017555,67.74619554198244,4,50.0
2026-07-11 13:00:00+00:00,2026-07-11 15:00:00+00:00,-59.78152763401484,40.21847236598516,4,25.0
2026-07-11 14:00:00+00:00,2026-07-11 16:00:00+00:00,-37.76138693039698,62.23861306960302,5,40.0
2026-07-11 15:00:00+00:00,2026-07-11 17:00:00+00:00,16.095872403634658,116.09587240363466,2,100.0
2026-07-11 16:00:00+00:00,2026-07-11 18:00:00+00:00,-19.781373006072286,80.21862699392771,2,50.0
2026-07-11 17:00:00+00:00,2026-07-11 19:00:00+00:00,-20.76639383737661,79.23360616262339,2,50.0
2026-07-11 18:00:00+00:00,2026-07-11 20:00:00+00:00,22.838628172010345,122.83862817201035,2,100.0
2026-07-11 19:00:00+00:00,2026-07-11 21:00:00+00:00,-31.578916129950088,68.42108387004991,3,33.33333333333333
2026-07-11 20:00:00+00:00,2026-07-11 22:00:00+00:00,-20.344474569984797,79.6555254300152,2,50.0
2026-07-11 21:00:00+00:00,2026-07-11 23:00:00+00:00,-33.010560723383236,66.98943927661676,4,50.0
2026-07-11 22:00:00+00:00,2026-07-12 00:00:00+00:00,-63.45736519062693,36.54263480937307,4,0.0
2026-07-11 23:00:00+00:00,2026-07-12 01:00:00+00:00,-29.001069431368037,70.99893056863196,3,33.33333333333333
2026-07-12 00:00:00+00:00,2026-07-12 02:00:00+00:00,-10.227573795049878,89.77242620495012,3,33.33333333333333
2026-07-12 01:00:00+00:00,2026-07-12 03:00:00+00:00,-23.511932013811844,76.48806798618816,2,0.0
2026-07-12 02:00:00+00:00,2026-07-12 04:00:00+00:00,-10.613464357032669,89.38653564296733,1,0.0
2026-07-12 03:00:00+00:00,2026-07-12 05:00:00+00:00,-16.636640428061725,83.36335957193828,3,33.33333333333333
2026-07-12 04:00:00+00:00,2026-07-12 06:00:00+00:00,-51.90478298000811,48.09521701999189,3,0.0
2026-07-12 05:00:00+00:00,2026-07-12 07:00:00+00:00,-50.1966690585973,49.8033309414027,4,25.0
2026-07-12 06:00:00+00:00,2026-07-12 08:00:00+00:00,-49.629448578832694,50.370551421167306,4,25.0
2026-07-12 07:00:00+00:00,2026-07-12 09:00:00+00:00,-36.13220867544706,63.86779132455294,3,33.33333333333333
2026-07-12 08:00:00+00:00,2026-07-12 10:00:00+00:00,-29.27308467557637,70.72691532442363,4,50.0
2026-07-12 09:00:00+00:00,2026-07-12 11:00:00+00:00,-13.781118118324088,86.21888188167591,2,50.0
2026-07-12 10:00:00+00:00,2026-07-12 12:00:00+00:00,1.5496938491143908,101.54969384911439,2,50.0
2026-07-12 11:00:00+00:00,2026-07-12 13:00:00+00:00,-15.786016133486996,84.213983866513,2,50.0
2026-07-12 12:00:00+00:00,2026-07-12 14:00:00+00:00,14.285421368581467,114.28542136858147,2,100.0
2026-07-12 13:00:00+00:00,2026-07-12 15:00:00+00:00,-6.073406753003937,93.92659324699606,4,75.0
2026-07-12 14:00:00+00:00,2026-07-12 16:00:00+00:00,-8.169893562549575,91.83010643745043,3,66.66666666666666
2026-07-12 15:00:00+00:00,2026-07-12 17:00:00+00:00,20.94289366512139,120.94289366512139,2,100.0
2026-07-12 16:00:00+00:00,2026-07-12 18:00:00+00:00,-4.559498564593298,95.4405014354067,1,0.0
2026-07-12 17:00:00+00:00,2026-07-12 19:00:00+00:00,10.612393977415735,110.61239397741573,1,100.0
2026-07-12 18:00:00+00:00,2026-07-12 20:00:00+00:00,-13.830505054290782,86.16949494570922,4,50.0
2026-07-12 19:00:00+00:00,2026-07-12 21:00:00+00:00,-15.247303316230273,84.75269668376973,3,66.66666666666666
2026-07-12 20:00:00+00:00,2026-07-12 22:00:00+00:00,-69.30830887413833,30.691691125861674,4,0.0
2026-07-12 21:00:00+00:00,2026-07-12 23:00:00+00:00,-64.934635659504,35.065364340496004,5,20.0
2026-07-12 22:00:00+00:00,2026-07-13 00:15:00+00:00,-7.945090134403856,92.05490986559614,2,50.0
2026-07-12 23:00:00+00:00,2026-07-13 01:15:00+00:00,-3.8926667059692193,96.10733329403078,3,66.66666666666666
2026-07-13 00:15:00+00:00,2026-07-14 00:00:00+00:00,-20.129784652832683,79.87021534716732,3,33.33333333333333
2026-07-13 01:15:00+00:00,2026-07-14 01:00:00+00:00,-27.035675658506506,72.9643243414935,3,33.33333333333333
2026-07-14 00:00:00+00:00,2026-07-14 02:00:00+00:00,8.540394587535005,108.540394587535,1,100.0
2026-07-14 01:00:00+00:00,2026-07-14 03:00:00+00:00,34.01940443837205,134.01940443837205,2,100.0
2026-07-14 02:00:00+00:00,2026-07-14 04:00:00+00:00,-7.630408417044933,92.36959158295507,2,50.0
2026-07-14 03:00:00+00:00,2026-07-14 05:00:00+00:00,-23.345616700160647,76.65438329983935,2,0.0
2026-07-14 04:00:00+00:00,2026-07-14 06:00:00+00:00,-27.179887244457902,72.8201127555421,3,33.33333333333333
2026-07-14 05:00:00+00:00,2026-07-14 07:00:00+00:00,-10.300673256059596,89.6993267439404,2,50.0
2026-07-14 06:00:00+00:00,2026-07-14 08:00:00+00:00,-45.12984036894786,54.87015963105214,3,0.0
2026-07-14 07:00:00+00:00,2026-07-14 09:00:00+00:00,-33.87901563731124,66.12098436268876,4,25.0
2026-07-14 08:00:00+00:00,2026-07-14 10:00:00+00:00,8.516636315226407,108.5166363152264,4,75.0
2026-07-14 09:00:00+00:00,2026-07-14 11:00:00+00:00,-9.616097946775469,90.38390205322453,2,50.0
2026-07-14 10:00:00+00:00,2026-07-14 12:00:00+00:00,-15.83382187308176,84.16617812691824,2,50.0
2026-07-14 11:00:00+00:00,2026-07-14 13:00:00+00:00,-56.91718859874254,43.08281140125746,4,0.0
2026-07-14 12:00:00+00:00,2026-07-14 14:00:00+00:00,-37.13700510771411,62.86299489228589,4,25.0
2026-07-14 13:00:00+00:00,2026-07-14 15:00:00+00:00,-4.852518632556254,95.14748136744375,4,50.0
2026-07-14 14:00:00+00:00,2026-07-14 16:00:00+00:00,-16.279925933735527,83.72007406626447,4,50.0
2026-07-14 15:00:00+00:00,2026-07-14 17:00:00+00:00,-12.337129384293391,87.66287061570661,2,50.0
2026-07-14 16:00:00+00:00,2026-07-14 18:00:00+00:00,-14.130287650448807,85.8697123495512,2,50.0
2026-07-14 17:00:00+00:00,2026-07-14 19:00:00+00:00,-13.235690313276763,86.76430968672324,2,50.0
2026-07-14 18:00:00+00:00,2026-07-14 20:00:00+00:00,8.970914672686234,108.97091467268623,1,100.0
2026-07-14 19:00:00+00:00,2026-07-14 21:00:00+00:00,-0.036173798591747186,99.96382620140825,1,0.0
2026-07-14 20:00:00+00:00,2026-07-14 22:00:00+00:00,-22.961786416034542,77.03821358396546,4,50.0
2026-07-14 21:00:00+00:00,2026-07-14 23:00:00+00:00,-10.74697750339071,89.25302249660929,5,60.0
2026-07-14 22:00:00+00:00,2026-07-15 00:00:00+00:00,29.430063040845823,129.43006304084582,3,66.66666666666666
2026-07-14 23:00:00+00:00,2026-07-15 01:00:00+00:00,-1.0321628971564678,98.96783710284353,2,50.0
2026-07-15 00:00:00+00:00,2026-07-15 02:00:00+00:00,-48.36567885212504,51.63432114787496,3,0.0
2026-07-15 01:00:00+00:00,2026-07-15 03:00:00+00:00,-38.84478823242122,61.15521176757878,3,0.0
2026-07-15 02:00:00+00:00,2026-07-15 04:00:00+00:00,-30.823498912511823,69.17650108748818,4,25.0
2026-07-15 03:00:00+00:00,2026-07-15 05:00:00+00:00,-19.150820620006854,80.84917937999315,2,50.0
2026-07-15 04:00:00+00:00,2026-07-15 06:00:00+00:00,30.028708981087135,130.02870898108714,2,100.0
2026-07-15 05:00:00+00:00,2026-07-15 07:00:00+00:00,-34.06909411660328,65.93090588339672,5,40.0
2026-07-15 06:00:00+00:00,2026-07-15 08:00:00+00:00,-26.596652947027977,73.40334705297202,4,25.0
2026-07-15 07:00:00+00:00,2026-07-15 09:00:00+00:00,8.914900434328274,108.91490043432827,1,100.0
2026-07-15 08:00:00+00:00,2026-07-15 10:00:00+00:00,-22.608116922631254,77.39188307736875,4,50.0
2026-07-15 09:00:00+00:00,2026-07-15 11:00:00+00:00,2.044197457233963,102.04419745723396,4,75.0
2026-07-15 10:00:00+00:00,2026-07-15 12:00:00+00:00,7.8601926978112715,107.86019269781127,1,100.0
2026-07-15 11:00:00+00:00,2026-07-15 13:00:00+00:00,-27.143159742081266,72.85684025791873,3,33.33333333333333
2026-07-15 12:00:00+00:00,2026-07-15 14:00:00+00:00,-42.54332279903196,57.45667720096804,6,33.33333333333333
2026-07-15 13:00:00+00:00,2026-07-15 15:00:00+00:00,-3.6634531131701067,96.3365468868299,2,50.0
2026-07-15 14:00:00+00:00,2026-07-15 16:00:00+00:00,17.03796854585093,117.03796854585093,1,100.0
2026-07-15 15:00:00+00:00,2026-07-15 17:00:00+00:00,-8.144170430558177,91.85582956944182,4,50.0
2026-07-15 16:00:00+00:00,2026-07-15 18:00:00+00:00,-21.516213318880133,78.48378668111987,3,33.33333333333333
2026-07-15 17:00:00+00:00,2026-07-15 19:00:00+00:00,15.125535247758918,115.12553524775892,2,50.0
2026-07-15 18:00:00+00:00,2026-07-15 20:00:00+00:00,7.061741973268326,107.06174197326833,3,66.66666666666666
2026-07-15 19:00:00+00:00,2026-07-15 21:00:00+00:00,14.876838792015377,114.87683879201538,1,100.0
2026-07-15 20:00:00+00:00,2026-07-15 22:00:00+00:00,-24.7321054330162,75.2678945669838,2,0.0
2026-07-15 21:00:00+00:00,2026-07-15 23:00:00+00:00,-21.378087420868383,78.62191257913162,3,33.33333333333333
2026-07-15 22:00:00+00:00,2026-07-16 00:00:00+00:00,22.342583751028087,122.34258375102809,2,100.0
2026-07-15 23:00:00+00:00,2026-07-16 01:00:00+00:00,-48.66944580316971,51.33055419683029,4,25.0
2026-07-16 00:00:00+00:00,2026-07-16 02:00:00+00:00,-39.655034356621506,60.344965643378494,5,40.0
2026-07-16 01:00:00+00:00,2026-07-16 03:00:00+00:00,6.852502062398969,106.85250206239897,3,66.66666666666666
2026-07-16 02:00:00+00:00,2026-07-16 04:00:00+00:00,17.408325109033328,117.40832510903333,2,100.0
2026-07-16 03:00:00+00:00,2026-07-16 05:00:00+00:00,29.247046940179075,129.24704694017908,2,100.0
2026-07-16 04:00:00+00:00,2026-07-16 06:00:00+00:00,-40.23760594456748,59.76239405543252,3,0.0
2026-07-16 05:00:00+00:00,2026-07-16 07:00:00+00:00,-43.97021157141604,56.02978842858396,5,40.0
2026-07-16 06:00:00+00:00,2026-07-16 08:00:00+00:00,-51.207512025344485,48.792487974655515,6,33.33333333333333
2026-07-16 07:00:00+00:00,2026-07-16 09:00:00+00:00,-52.62189812349931,47.37810187650069,5,20.0
2026-07-16 08:00:00+00:00,2026-07-16 10:00:00+00:00,-6.04286831646364,93.95713168353636,2,50.0
2026-07-16 09:00:00+00:00,2026-07-16 11:00:00+00:00,-6.800566215880522,93.19943378411948,1,0.0
2026-07-16 10:00:00+00:00,2026-07-16 12:00:00+00:00,-21.713617216378225,78.28638278362178,2,0.0
2026-07-16 11:00:00+00:00,2026-07-16 13:00:00+00:00,24.94197313106403,124.94197313106403,3,66.66666666666666
2026-07-16 12:00:00+00:00,2026-07-16 14:00:00+00:00,-24.46764187495765,75.53235812504235,3,33.33333333333333
2026-07-16 13:00:00+00:00,2026-07-16 15:00:00+00:00,-36.86263748138165,63.13736251861835,4,25.0
2026-07-16 14:00:00+00:00,2026-07-16 16:00:00+00:00,26.46139542913457,126.46139542913457,4,75.0
2026-07-16 15:00:00+00:00,2026-07-16 17:00:00+00:00,23.180061718932407,123.18006171893241,3,66.66666666666666
2026-07-16 16:00:00+00:00,2026-07-16 18:00:00+00:00,-33.492788264316474,66.50721173568353,2,0.0
2026-07-16 17:00:00+00:00,2026-07-16 19:00:00+00:00,-11.163354114204793,88.8366458857952,4,50.0
2026-07-16 18:00:00+00:00,2026-07-16 20:00:00+00:00,34.10928237425924,134.10928237425924,2,100.0
2026-07-16 19:00:00+00:00,2026-07-16 21:00:00+00:00,-9.874823595008507,90.12517640499149,1,0.0
2026-07-16 20:00:00+00:00,2026-07-16 22:00:00+00:00,1.646489204206759,101.64648920420676,1,100.0
2026-07-16 21:00:00+00:00,2026-07-16 23:00:00+00:00,9.450012939763383,109.45001293976338,3,66.66666666666666
2026-07-16 22:00:00+00:00,2026-07-17 00:00:00+00:00,-21.371078040665125,78.62892195933487,4,50.0
2026-07-16 23:00:00+00:00,2026-07-17 01:00:00+00:00,4.711777140922962,104.71177714092296,3,66.66666666666666
2026-07-17 00:00:00+00:00,2026-07-17 02:00:00+00:00,22.325481485965327,122.32548148596533,3,66.66666666666666
2026-07-17 01:00:00+00:00,2026-07-17 03:00:00+00:00,0.5085342164025519,100.50853421640255,3,66.66666666666666
2026-07-17 02:00:00+00:00,2026-07-17 04:00:00+00:00,35.147185214940635,135.14718521494063,2,100.0
2026-07-17 03:00:00+00:00,2026-07-17 05:00:00+00:00,3.9456045379980793,103.94560453799808,3,66.66666666666666
2026-07-17 04:00:00+00:00,2026-07-17 06:00:00+00:00,-48.224575984374205,51.775424015625795,5,20.0
2026-07-17 05:00:00+00:00,2026-07-17 07:00:00+00:00,-46.214848566293455,53.785151433706545,4,25.0
2026-07-17 06:00:00+00:00,2026-07-17 08:00:00+00:00,-6.543189185066211,93.45681081493379,2,50.0
2026-07-17 07:00:00+00:00,2026-07-17 09:00:00+00:00,-8.337888447356931,91.66211155264307,2,50.0
2026-07-17 08:00:00+00:00,2026-07-17 10:00:00+00:00,-6.979956107369119,93.02004389263088,2,50.0
2026-07-17 09:00:00+00:00,2026-07-17 11:00:00+00:00,-34.83339887421354,65.16660112578646,3,33.33333333333333
2026-07-17 10:00:00+00:00,2026-07-17 12:00:00+00:00,-28.2118470337891,71.7881529662109,4,50.0
2026-07-17 11:00:00+00:00,2026-07-17 13:00:00+00:00,-31.827529317409343,68.17247068259066,3,33.33333333333333
2026-07-17 12:00:00+00:00,2026-07-17 14:00:00+00:00,-41.72476796251248,58.27523203748752,4,25.0
2026-07-17 13:00:00+00:00,2026-07-17 15:00:00+00:00,-31.83486052854336,68.16513947145664,5,40.0
2026-07-17 14:00:00+00:00,2026-07-17 16:00:00+00:00,14.39598881792071,114.39598881792071,3,66.66666666666666
2026-07-17 15:00:00+00:00,2026-07-17 17:00:00+00:00,-10.864160662236316,89.13583933776368,3,33.33333333333333
2026-07-17 16:00:00+00:00,2026-07-17 18:00:00+00:00,-40.56264643586407,59.43735356413593,4,25.0
2026-07-17 17:00:00+00:00,2026-07-17 19:00:00+00:00,-43.098923978483185,56.901076021516815,4,25.0
2026-07-17 18:00:00+00:00,2026-07-17 20:00:00+00:00,10.310619103784163,110.31061910378416,3,66.66666666666666
2026-07-17 19:00:00+00:00,2026-07-17 21:00:00+00:00,14.955318564047175,114.95531856404718,1,100.0
2026-07-17 20:00:00+00:00,2026-07-17 22:00:00+00:00,24.818055948734994,124.818055948735,2,100.0
2026-07-17 21:00:00+00:00,2026-07-17 23:00:00+00:00,-20.43601684649572,79.56398315350428,3,33.33333333333333
2026-07-17 22:00:00+00:00,2026-07-18 00:00:00+00:00,-46.5742216632955,53.4257783367045,3,0.0
2026-07-17 23:00:00+00:00,2026-07-18 01:00:00+00:00,21.68383427499664,121.68383427499664,2,100.0
2026-07-18 00:00:00+00:00,2026-07-18 02:00:00+00:00,19.94697179308764,119.94697179308764,2,100.0
2026-07-18 01:00:00+00:00,2026-07-18 03:00:00+00:00,16.64881326195338,116.64881326195338,2,100.0
2026-07-18 02:00:00+00:00,2026-07-18 04:00:00+00:00,7.087039139292841,107.08703913929284,1,100.0
2026-07-18 03:00:00+00:00,2026-07-18 05:00:00+00:00,6.472700327430928,106.47270032743093,1,100.0
2026-07-18 04:00:00+00:00,2026-07-18 06:00:00+00:00,1.7103082187204706,101.71030821872047,1,100.0
2026-07-18 05:00:00+00:00,2026-07-18 07:00:00+00:00,6.208126662560147,106.20812666256015,2,100.0
2026-07-18 06:00:00+00:00,2026-07-18 08:00:00+00:00,1.8372669735412188,101.83726697354122,2,50.0
2026-07-18 07:00:00+00:00,2026-07-18 09:00:00+00:00,-0.02065092554983039,99.97934907445017,2,50.0
2026-07-18 08:00:00+00:00,2026-07-18 10:00:00+00:00,-4.0078580643922095,95.99214193560779,2,50.0
2026-07-18 09:00:00+00:00,2026-07-18 11:00:00+00:00,-49.26948913672472,50.73051086327528,2,0.0
2026-07-18 10:00:00+00:00,2026-07-18 12:00:00+00:00,-85.59328787560744,14.406712124392563,2,0.0
2026-07-18 11:00:00+00:00,2026-07-18 13:00:00+00:00,-92.19808250598628,7.8019174940137255,4,0.0
2026-07-18 12:00:00+00:00,2026-07-18 14:00:00+00:00,-40.53979205253163,59.46020794746837,5,40.0
2026-07-18 13:00:00+00:00,2026-07-18 15:00:00+00:00,12.301597810340539,112.30159781034054,2,50.0
2026-07-18 14:00:00+00:00,2026-07-18 16:00:00+00:00,20.259328668263436,120.25932866826344,2,100.0
2026-07-18 15:00:00+00:00,2026-07-18 17:00:00+00:00,-49.15616510445339,50.84383489554661,4,25.0
2026-07-18 16:00:00+00:00,2026-07-18 18:00:00+00:00,-65.15541172010118,34.844588279898815,4,0.0
2026-07-18 17:00:00+00:00,2026-07-18 19:00:00+00:00,-64.57094753462951,35.42905246537049,5,20.0
2026-07-18 18:00:00+00:00,2026-07-18 20:00:00+00:00,-23.087886510912185,76.91211348908782,3,33.33333333333333
2026-07-18 19:00:00+00:00,2026-07-18 21:00:00+00:00,-44.27138336305767,55.72861663694233,4,25.0
2026-07-18 20:00:00+00:00,2026-07-18 22:00:00+00:00,-26.483287809632188,73.51671219036781,4,50.0
2026-07-18 21:00:00+00:00,2026-07-18 23:00:00+00:00,-13.060738116580708,86.93926188341929,2,50.0
2026-07-18 22:00:00+00:00,2026-07-19 00:00:00+00:00,-10.872776784145827,89.12722321585417,1,0.0
2026-07-18 23:00:00+00:00,2026-07-19 01:00:00+00:00,-33.604015353978824,66.39598464602118,2,0.0
2026-07-19 00:00:00+00:00,2026-07-19 02:00:00+00:00,-25.63028074086536,74.36971925913464,1,0.0
2026-07-19 01:00:00+00:00,2026-07-19 03:00:00+00:00,-21.50079845681772,78.49920154318228,3,66.66666666666666
2026-07-19 02:00:00+00:00,2026-07-19 04:00:00+00:00,-41.3473526626196,58.6526473373804,5,40.0
2026-07-19 03:00:00+00:00,2026-07-19 05:00:00+00:00,-17.200623886046955,82.79937611395304,3,33.33333333333333
2026-07-19 04:00:00+00:00,2026-07-19 06:00:00+00:00,-24.275727202287797,75.7242727977122,3,33.33333333333333
2026-07-19 05:00:00+00:00,2026-07-19 07:00:00+00:00,-6.750198483536693,93.24980151646331,1,0.0
2026-07-19 06:00:00+00:00,2026-07-19 08:00:00+00:00,0.6289911484707744,100.62899114847077,1,100.0
2026-07-19 07:00:00+00:00,2026-07-19 09:00:00+00:00,8.347610229946767,108.34761022994677,2,100.0
2026-07-19 08:00:00+00:00,2026-07-19 10:00:00+00:00,-16.263435537036912,83.73656446296309,3,66.66666666666666
2026-07-19 09:00:00+00:00,2026-07-19 11:00:00+00:00,-38.26303057418653,61.73696942581347,3,33.33333333333333
2026-07-19 10:00:00+00:00,2026-07-19 12:00:00+00:00,-53.13773519426489,46.86226480573511,3,0.0
2026-07-19 11:00:00+00:00,2026-07-19 13:00:00+00:00,-49.53553982590201,50.46446017409799,4,25.0
2026-07-19 12:00:00+00:00,2026-07-19 14:00:00+00:00,-21.354493003678186,78.64550699632181,4,50.0
2026-07-19 13:00:00+00:00,2026-07-19 15:00:00+00:00,-21.917579120323822,78.08242087967618,2,50.0
2026-07-19 14:00:00+00:00,2026-07-19 16:00:00+00:00,26.56928828154375,126.56928828154375,2,100.0
2026-07-19 15:00:00+00:00,2026-07-19 17:00:00+00:00,12.550386530814805,112.5503865308148,1,100.0
2026-07-19 16:00:00+00:00,2026-07-19 18:00:00+00:00,28.483161509050376,128.48316150905038,2,100.0
2026-07-19 17:00:00+00:00,2026-07-19 19:00:00+00:00,-12.976946601999856,87.02305339800014,3,33.33333333333333
2026-07-19 18:00:00+00:00,2026-07-19 20:00:00+00:00,-9.27521402798682,90.72478597201318,2,50.0
2026-07-19 19:00:00+00:00,2026-07-19 21:00:00+00:00,-18.412954324664014,81.58704567533599,1,0.0
2026-07-19 20:00:00+00:00,2026-07-19 22:00:00+00:00,-18.233356123677865,81.76664387632214,2,50.0
2026-07-19 21:00:00+00:00,2026-07-19 23:00:00+00:00,-18.112321795029175,81.88767820497083,5,60.0
2026-07-19 22:00:00+00:00,2026-07-20 00:00:00+00:00,-8.137517954345682,91.86248204565432,2,50.0
2026-07-19 23:00:00+00:00,2026-07-20 01:00:00+00:00,-5.74028620577721,94.25971379422279,2,50.0
2026-07-20 00:00:00+00:00,2026-07-20 02:00:00+00:00,10.500036005541304,110.5000360055413,3,66.66666666666666
2026-07-20 01:00:00+00:00,2026-07-20 03:00:00+00:00,0.0,100.0,0,0.0
2026-07-20 02:00:00+00:00,2026-07-20 04:00:00+00:00,0.0,100.0,0,0.0
2026-07-20 03:00:00+00:00,2026-07-20 05:00:00+00:00,-20.16298867099792,79.83701132900208,1,0.0
2026-07-20 04:00:00+00:00,2026-07-20 06:00:00+00:00,-44.01483876433657,55.98516123566343,3,0.0
2026-07-20 05:00:00+00:00,2026-07-20 07:00:00+00:00,-51.52072825597013,48.47927174402987,5,20.0
2026-07-20 06:00:00+00:00,2026-07-20 08:00:00+00:00,-37.584491430485144,62.415508569514856,4,25.0
2026-07-20 07:00:00+00:00,2026-07-20 09:00:00+00:00,-4.315819704511924,95.68418029548808,3,66.66666666666666
2026-07-20 08:00:00+00:00,2026-07-20 10:00:00+00:00,31.25555012308456,131.25555012308456,3,66.66666666666666
2026-07-20 09:00:00+00:00,2026-07-20 11:00:00+00:00,-8.462613964773979,91.53738603522602,2,50.0
2026-07-20 10:00:00+00:00,2026-07-20 12:00:00+00:00,-34.372488809559826,65.62751119044017,5,40.0
2026-07-20 11:00:00+00:00,2026-07-20 13:00:00+00:00,-26.205288094950134,73.79471190504987,4,25.0
2026-07-20 12:00:00+00:00,2026-07-20 14:00:00+00:00,-14.79374640495486,85.20625359504514,2,50.0
2026-07-20 13:00:00+00:00,2026-07-20 15:00:00+00:00,-34.184269723582986,65.81573027641701,2,0.0
2026-07-20 14:00:00+00:00,2026-07-20 16:00:00+00:00,-55.32537023647467,44.67462976352533,5,0.0
2026-07-20 15:00:00+00:00,2026-07-20 17:00:00+00:00,-42.85425808622574,57.14574191377426,4,25.0
2026-07-20 16:00:00+00:00,2026-07-20 18:00:00+00:00,-6.964571734515886,93.03542826548411,1,0.0
2026-07-20 17:00:00+00:00,2026-07-20 19:00:00+00:00,-12.4824962385958,87.5175037614042,4,50.0
2026-07-20 18:00:00+00:00,2026-07-20 20:00:00+00:00,-34.81508544080154,65.18491455919846,4,25.0
2026-07-20 19:00:00+00:00,2026-07-20 21:00:00+00:00,19.31640258657329,119.31640258657329,2,100.0
2026-07-20 20:00:00+00:00,2026-07-20 22:00:00+00:00,-6.764989293875772,93.23501070612423,2,50.0
2026-07-20 21:00:00+00:00,2026-07-20 23:00:00+00:00,8.20607513829691,108.20607513829691,2,50.0
2026-07-20 22:00:00+00:00,2026-07-21 00:00:00+00:00,13.039206875811573,113.03920687581157,1,100.0
2026-07-20 23:00:00+00:00,2026-07-21 01:00:00+00:00,-43.81805172744231,56.18194827255769,3,0.0
2026-07-21 00:00:00+00:00,2026-07-21 02:00:00+00:00,-30.882563416682018,69.11743658331798,4,25.0
2026-07-21 01:00:00+00:00,2026-07-21 03:00:00+00:00,-2.9756926664057204,97.02430733359428,4,50.0
2026-07-21 02:00:00+00:00,2026-07-21 04:00:00+00:00,-26.056170056789995,73.94382994321,3,33.33333333333333
2026-07-21 03:00:00+00:00,2026-07-21 05:00:00+00:00,-26.216224485257868,73.78377551474213,3,33.33333333333333
2026-07-21 04:00:00+00:00,2026-07-21 06:00:00+00:00,-9.060781921400348,90.93921807859965,3,66.66666666666666
2026-07-21 05:00:00+00:00,2026-07-21 07:00:00+00:00,-13.836918889044881,86.16308111095512,3,33.33333333333333
2026-07-21 06:00:00+00:00,2026-07-21 08:00:00+00:00,-53.671950717866764,46.328049282133236,4,0.0
2026-07-21 07:00:00+00:00,2026-07-21 09:00:00+00:00,-45.18698475394325,54.81301524605675,4,25.0
2026-07-21 08:00:00+00:00,2026-07-21 10:00:00+00:00,-10.352611793033219,89.64738820696678,1,0.0
2026-07-21 09:00:00+00:00,2026-07-21 11:00:00+00:00,-26.420901896569106,73.5790981034309,2,0.0
2026-07-21 10:00:00+00:00,2026-07-21 12:00:00+00:00,35.64862310518785,135.64862310518785,3,100.0
2026-07-21 11:00:00+00:00,2026-07-21 13:00:00+00:00,-24.888808272896995,75.111191727103,4,50.0
2026-07-21 12:00:00+00:00,2026-07-21 14:00:00+00:00,-32.408578253625535,67.59142174637446,5,40.0
2026-07-21 13:00:00+00:00,2026-07-21 15:00:00+00:00,-2.7756390400714253,97.22436095992857,5,60.0
2026-07-21 14:00:00+00:00,2026-07-21 16:00:00+00:00,32.47578475024534,132.47578475024534,2,100.0
2026-07-21 15:00:00+00:00,2026-07-21 17:00:00+00:00,-14.58420617370544,85.41579382629456,1,0.0
2026-07-21 16:00:00+00:00,2026-07-21 18:00:00+00:00,-48.81688438423412,51.18311561576588,3,0.0
2026-07-21 17:00:00+00:00,2026-07-21 19:00:00+00:00,-28.30288037763674,71.69711962236326,3,33.33333333333333
2026-07-21 18:00:00+00:00,2026-07-21 20:00:00+00:00,17.713962667796423,117.71396266779642,2,100.0
2026-07-21 19:00:00+00:00,2026-07-21 21:00:00+00:00,-8.221321319541204,91.7786786804588,2,50.0
2026-07-21 20:00:00+00:00,2026-07-21 22:00:00+00:00,-3.9672012981744444,96.03279870182556,1,0.0
2026-07-21 21:00:00+00:00,2026-07-21 23:00:00+00:00,-13.995158775511229,86.00484122448877,2,50.0
2026-07-21 22:00:00+00:00,2026-07-22 00:00:00+00:00,-32.46102070604306,67.53897929395694,3,33.33333333333333
2026-07-21 23:00:00+00:00,2026-07-22 01:00:00+00:00,-64.43282705822197,35.567172941778026,5,0.0
2026-07-22 00:00:00+00:00,2026-07-22 02:00:00+00:00,-26.275980874230527,73.72401912576947,4,50.0
2026-07-22 01:00:00+00:00,2026-07-22 03:00:00+00:00,-31.934998764263952,68.06500123573605,4,25.0
2026-07-22 02:00:00+00:00,2026-07-22 04:00:00+00:00,-8.552735886705861,91.44726411329414,2,50.0
2026-07-22 03:00:00+00:00,2026-07-22 05:00:00+00:00,28.595676929980556,128.59567692998056,2,100.0
2026-07-22 04:00:00+00:00,2026-07-22 06:00:00+00:00,-33.455756448762855,66.54424355123714,4,25.0
2026-07-22 05:00:00+00:00,2026-07-22 07:00:00+00:00,-61.639115455235256,38.360884544764744,5,0.0
2026-07-22 06:00:00+00:00,2026-07-22 08:00:00+00:00,-27.60195828358944,72.39804171641056,3,33.33333333333333
2026-07-22 07:00:00+00:00,2026-07-22 09:00:00+00:00,-28.111941070398103,71.8880589296019,4,50.0
2026-07-22 08:00:00+00:00,2026-07-22 10:00:00+00:00,-9.193978882800621,90.80602111719938,3,66.66666666666666
2026-07-22 09:00:00+00:00,2026-07-22 11:00:00+00:00,10.571072453186744,110.57107245318674,2,50.0
2026-07-22 10:00:00+00:00,2026-07-22 12:00:00+00:00,25.30215360308678,125.30215360308678,2,100.0
2026-07-22 11:00:00+00:00,2026-07-22 13:00:00+00:00,-44.49097815899691,55.50902184100309,4,25.0
2026-07-22 12:00:00+00:00,2026-07-22 14:00:00+00:00,-62.04374182478235,37.95625817521765,6,16.666666666666664
2026-07-22 13:00:00+00:00,2026-07-22 15:00:00+00:00,-12.06428751475481,87.93571248524519,4,50.0
2026-07-22 14:00:00+00:00,2026-07-22 16:00:00+00:00,13.982307750966115,113.98230775096611,4,75.0
2026-07-22 15:00:00+00:00,2026-07-22 17:00:00+00:00,-34.948087734156516,65.05191226584348,3,0.0
2026-07-22 16:00:00+00:00,2026-07-22 18:00:00+00:00,34.85262991712557,134.85262991712557,2,100.0
2026-07-22 17:00:00+00:00,2026-07-22 19:00:00+00:00,-12.11464817165755,87.88535182834245,2,50.0
2026-07-22 18:00:00+00:00,2026-07-22 20:00:00+00:00,-6.531366514592747,93.46863348540725,2,50.0
2026-07-22 19:00:00+00:00,2026-07-22 21:00:00+00:00,15.386001527924776,115.38600152792478,1,100.0
2026-07-22 20:00:00+00:00,2026-07-22 22:00:00+00:00,-17.745773432387395,82.2542265676126,2,50.0
2026-07-22 21:00:00+00:00,2026-07-22 23:00:00+00:00,-17.745773432387395,82.2542265676126,2,50.0
2026-07-22 22:00:00+00:00,2026-07-23 00:00:00+00:00,26.375427345496632,126.37542734549663,2,100.0
2026-07-22 23:00:00+00:00,2026-07-23 01:00:00+00:00,-10.287562850331653,89.71243714966835,5,60.0
2026-07-23 00:00:00+00:00,2026-07-23 02:00:00+00:00,-52.639974225603325,47.360025774396675,6,33.33333333333333
2026-07-23 01:00:00+00:00,2026-07-23 03:00:00+00:00,-39.709897192039925,60.290102807960075,3,0.0
2026-07-23 02:00:00+00:00,2026-07-23 04:00:00+00:00,-21.134286239567615,78.86571376043239,2,0.0
2026-07-23 03:00:00+00:00,2026-07-23 05:00:00+00:00,-10.729656477060118,89.27034352293988,1,0.0
2026-07-23 04:00:00+00:00,2026-07-23 06:00:00+00:00,26.422591984404647,126.42259198440465,3,66.66666666666666
2026-07-23 05:00:00+00:00,2026-07-23 07:00:00+00:00,31.050246213740564,131.05024621374056,3,100.0
2026-07-23 06:00:00+00:00,2026-07-23 08:00:00+00:00,3.301751419585557,103.30175141958556,2,50.0
2026-07-23 07:00:00+00:00,2026-07-23 09:00:00+00:00,-9.928497008424259,90.07150299157574,2,50.0
2026-07-23 08:00:00+00:00,2026-07-23 10:00:00+00:00,-9.29366841380569,90.70633158619431,2,50.0
2026-07-23 09:00:00+00:00,2026-07-23 11:00:00+00:00,20.38428977001658,120.38428977001658,2,100.0
2026-07-23 10:00:00+00:00,2026-07-23 12:00:00+00:00,-37.476618129890106,62.523381870109894,3,33.33333333333333
2026-07-23 11:00:00+00:00,2026-07-23 13:00:00+00:00,-79.54808385068984,20.45191614931017,7,0.0
2026-07-23 12:00:00+00:00,2026-07-23 14:00:00+00:00,-76.00036822409163,23.999631775908366,6,0.0
2026-07-23 13:00:00+00:00,2026-07-23 15:00:00+00:00,-5.449755019616404,94.5502449803836,3,33.33333333333333
2026-07-23 14:00:00+00:00,2026-07-23 16:00:00+00:00,-2.187223689523478,97.81277631047652,1,0.0
2026-07-23 15:00:00+00:00,2026-07-23 17:00:00+00:00,11.815315459588518,111.81531545958852,2,50.0
2026-07-23 16:00:00+00:00,2026-07-23 18:00:00+00:00,-10.998814582775182,89.00118541722482,1,0.0
2026-07-23 17:00:00+00:00,2026-07-23 19:00:00+00:00,20.4580101336379,120.4580101336379,3,66.66666666666666
2026-07-23 18:00:00+00:00,2026-07-23 20:00:00+00:00,31.128511477067775,131.12851147706778,2,100.0
2026-07-23 19:00:00+00:00,2026-07-23 21:00:00+00:00,-10.347974966688398,89.6520250333116,3,33.33333333333333
2026-07-23 20:00:00+00:00,2026-07-23 22:00:00+00:00,3.633013767092649,103.63301376709265,3,66.66666666666666
2026-07-23 21:00:00+00:00,2026-07-23 23:00:00+00:00,27.069466214777506,127.0694662147775,3,66.66666666666666
2026-07-23 22:00:00+00:00,2026-07-24 00:00:00+00:00,-9.885125150630927,90.11487484936907,2,50.0
2026-07-23 23:00:00+00:00,2026-07-24 01:00:00+00:00,-49.130578099518424,50.869421900481576,4,25.0
2026-07-24 00:00:00+00:00,2026-07-24 02:00:00+00:00,-34.556843669517505,65.4431563304825,4,25.0
2026-07-24 01:00:00+00:00,2026-07-24 03:00:00+00:00,-12.56105456068866,87.43894543931134,1,0.0
2026-07-24 02:00:00+00:00,2026-07-24 04:00:00+00:00,-8.126151554021774,91.87384844597823,4,50.0
2026-07-24 03:00:00+00:00,2026-07-24 05:00:00+00:00,-15.668115703367619,84.33188429663238,2,50.0
2026-07-24 04:00:00+00:00,2026-07-24 06:00:00+00:00,-13.420221177864192,86.57977882213581,2,50.0
2026-07-24 05:00:00+00:00,2026-07-24 07:00:00+00:00,-34.23835420802294,65.76164579197706,3,33.33333333333333
2026-07-24 06:00:00+00:00,2026-07-24 08:00:00+00:00,-45.78105175232831,54.21894824767169,5,40.0
2026-07-24 07:00:00+00:00,2026-07-24 09:00:00+00:00,-27.37964476941707,72.62035523058293,3,33.33333333333333
2026-07-24 08:00:00+00:00,2026-07-24 10:00:00+00:00,-35.214460281482644,64.78553971851736,3,33.33333333333333
2026-07-24 09:00:00+00:00,2026-07-24 11:00:00+00:00,-32.99635001909215,67.00364998090785,3,33.33333333333333
2026-07-24 10:00:00+00:00,2026-07-24 12:00:00+00:00,-17.888172525525363,82.11182747447464,2,50.0
2026-07-24 11:00:00+00:00,2026-07-24 13:00:00+00:00,-8.304031307148733,91.69596869285127,2,50.0
2026-07-24 12:00:00+00:00,2026-07-24 14:00:00+00:00,-50.48592865878755,49.51407134121245,5,20.0
2026-07-24 13:00:00+00:00,2026-07-24 15:00:00+00:00,-43.098844780471694,56.901155219528306,4,25.0
2026-07-24 14:00:00+00:00,2026-07-24 16:00:00+00:00,-19.89461868226786,80.10538131773214,2,0.0
2026-07-24 15:00:00+00:00,2026-07-24 17:00:00+00:00,6.208876461552862,106.20887646155286,1,100.0
2026-07-24 16:00:00+00:00,2026-07-24 18:00:00+00:00,11.953179778615464,111.95317977861546,1,100.0
2026-07-24 17:00:00+00:00,2026-07-24 19:00:00+00:00,-9.851208568307484,90.14879143169252,1,0.0
2026-07-24 18:00:00+00:00,2026-07-24 20:00:00+00:00,-11.573947465807976,88.42605253419202,2,50.0
2026-07-24 19:00:00+00:00,2026-07-24 21:00:00+00:00,-4.643236158349012,95.35676384165099,1,0.0
2026-07-24 20:00:00+00:00,2026-07-24 22:00:00+00:00,-15.456382545522075,84.54361745447792,1,0.0
2026-07-24 21:00:00+00:00,2026-07-24 23:00:00+00:00,6.1110416438105375,106.11104164381054,2,50.0
2026-07-24 22:00:00+00:00,2026-07-25 00:00:00+00:00,3.166219296099385,103.16621929609938,2,50.0
2026-07-24 23:00:00+00:00,2026-07-25 01:00:00+00:00,-53.46645657171676,46.53354342828324,2,0.0
2026-07-25 00:00:00+00:00,2026-07-25 02:00:00+00:00,-63.76164177978254,36.23835822021746,5,40.0
2026-07-25 01:00:00+00:00,2026-07-25 03:00:00+00:00,-22.18675968294427,77.81324031705573,2,50.0
2026-07-25 02:00:00+00:00,2026-07-25 04:00:00+00:00,-26.83272560007444,73.16727439992556,1,0.0
2026-07-25 03:00:00+00:00,2026-07-25 05:00:00+00:00,-47.68033085299247,52.31966914700753,3,33.33333333333333
2026-07-25 04:00:00+00:00,2026-07-25 06:00:00+00:00,-28.172762719919817,71.82723728008018,3,33.33333333333333
2026-07-25 05:00:00+00:00,2026-07-25 07:00:00+00:00,-20.00973936524096,79.99026063475904,2,50.0
2026-07-25 06:00:00+00:00,2026-07-25 08:00:00+00:00,-22.209988619013615,77.79001138098639,1,0.0
2026-07-25 07:00:00+00:00,2026-07-25 09:00:00+00:00,-49.41363474560295,50.58636525439705,2,0.0
2026-07-25 08:00:00+00:00,2026-07-25 10:00:00+00:00,-55.82177435471272,44.17822564528728,3,0.0
2026-07-25 09:00:00+00:00,2026-07-25 11:00:00+00:00,-22.808492863431454,77.19150713656855,1,0.0
2026-07-25 10:00:00+00:00,2026-07-25 12:00:00+00:00,-37.705787781860465,62.294212218139535,2,0.0
2026-07-25 11:00:00+00:00,2026-07-25 13:00:00+00:00,-51.89186396722084,48.10813603277916,2,0.0
2026-07-25 12:00:00+00:00,2026-07-25 14:00:00+00:00,-69.05155939928322,30.948440600716783,4,25.0
2026-07-25 13:00:00+00:00,2026-07-25 15:00:00+00:00,-54.62262635072196,45.37737364927804,2,0.0
2026-07-25 14:00:00+00:00,2026-07-25 16:00:00+00:00,-22.607249107143986,77.39275089285601,2,50.0
2026-07-25 15:00:00+00:00,2026-07-25 17:00:00+00:00,-29.216806515827173,70.78319348417283,4,50.0
2026-07-25 16:00:00+00:00,2026-07-25 18:00:00+00:00,-42.1127843103799,57.8872156896201,3,33.33333333333333
2026-07-25 17:00:00+00:00,2026-07-25 19:00:00+00:00,-63.134395685233414,36.865604314766586,4,0.0
2026-07-25 18:00:00+00:00,2026-07-25 20:00:00+00:00,-19.619492599283774,80.38050740071623,2,50.0
2026-07-25 19:00:00+00:00,2026-07-25 21:00:00+00:00,-43.143746699200236,56.856253300799764,2,0.0
2026-07-25 20:00:00+00:00,2026-07-25 22:00:00+00:00,-49.299492466157616,50.700507533842384,4,25.0
2026-07-25 21:00:00+00:00,2026-07-25 23:00:00+00:00,-33.66136503977842,66.33863496022158,3,33.33333333333333
2026-07-25 22:00:00+00:00,2026-07-26 00:00:00+00:00,-31.839269805717535,68.16073019428246,1,0.0
2026-07-25 23:00:00+00:00,2026-07-26 01:00:00+00:00,-50.11841409283042,49.88158590716958,3,33.33333333333333
2026-07-26 00:00:00+00:00,2026-07-26 02:00:00+00:00,-22.644182547333003,77.355817452667,3,66.66666666666666
2026-07-26 01:00:00+00:00,2026-07-26 03:00:00+00:00,2.8868135957227565,102.88681359572276,2,50.0
2026-07-26 02:00:00+00:00,2026-07-26 04:00:00+00:00,-21.417904976672204,78.5820950233278,3,66.66666666666666
2026-07-26 03:00:00+00:00,2026-07-26 05:00:00+00:00,17.110121979095965,117.11012197909596,2,100.0
2026-07-26 04:00:00+00:00,2026-07-26 06:00:00+00:00,-45.081872724152,54.918127275848,3,33.33333333333333
2026-07-26 05:00:00+00:00,2026-07-26 07:00:00+00:00,-65.39198699805596,34.60801300194405,4,25.0
2026-07-26 06:00:00+00:00,2026-07-26 08:00:00+00:00,-54.22900325182708,45.77099674817292,4,25.0
2026-07-26 07:00:00+00:00,2026-07-26 09:00:00+00:00,-50.27328411169313,49.72671588830687,3,33.33333333333333
2026-07-26 08:00:00+00:00,2026-07-26 10:00:00+00:00,-57.42997187477587,42.57002812522413,3,0.0
2026-07-26 09:00:00+00:00,2026-07-26 11:00:00+00:00,-40.70600422997395,59.29399577002605,2,0.0
2026-07-26 10:00:00+00:00,2026-07-26 12:00:00+00:00,0.0,100.0,0,0.0
2026-07-26 11:00:00+00:00,2026-07-26 13:00:00+00:00,-52.656437302092684,47.343562697907316,3,33.33333333333333
2026-07-26 12:00:00+00:00,2026-07-26 14:00:00+00:00,-51.471241771654604,48.528758228345396,4,50.0
2026-07-26 13:00:00+00:00,2026-07-26 15:00:00+00:00,-45.34152958091016,54.65847041908984,4,25.0
2026-07-26 14:00:00+00:00,2026-07-26 16:00:00+00:00,-44.2079545802354,55.7920454197646,3,0.0
2026-07-26 15:00:00+00:00,2026-07-26 17:00:00+00:00,-1.7764374779712995,98.2235625220287,3,66.66666666666666
2026-07-26 16:00:00+00:00,2026-07-26 18:00:00+00:00,12.07668808351319,112.07668808351319,1,100.0
2026-07-26 17:00:00+00:00,2026-07-26 19:00:00+00:00,-23.478305528095987,76.52169447190401,1,0.0
2026-07-26 18:00:00+00:00,2026-07-26 20:00:00+00:00,2.3767625275638977,102.3767625275639,1,100.0
2026-07-26 19:00:00+00:00,2026-07-26 21:00:00+00:00,-7.334848715243595,92.6651512847564,1,0.0
2026-07-26 20:00:00+00:00,2026-07-26 22:00:00+00:00,-61.19963183704606,38.80036816295394,4,25.0
2026-07-26 21:00:00+00:00,2026-07-26 23:00:00+00:00,-72.1037693233136,27.896230676686404,5,0.0
2026-07-26 22:00:00+00:00,2026-07-27 00:00:00+00:00,-24.891617680202458,75.10838231979754,3,33.33333333333333
2026-07-26 23:00:00+00:00,2026-07-27 01:00:00+00:00,-6.161644850223638,93.83835514977636,2,50.0
2026-07-27 00:00:00+00:00,2026-07-27 02:00:00+00:00,-47.99827493507948,52.00172506492052,3,0.0
2026-07-27 01:00:00+00:00,2026-07-27 03:00:00+00:00,-19.753178411437247,80.24682158856275,1,0.0
2026-07-27 02:00:00+00:00,2026-07-27 04:00:00+00:00,-12.768522104516634,87.23147789548337,1,0.0
2026-07-27 03:00:00+00:00,2026-07-27 05:00:00+00:00,-1.215437145916738,98.78456285408326,3,66.66666666666666
2026-07-27 04:00:00+00:00,2026-07-27 06:00:00+00:00,-9.990624454637981,90.00937554536202,2,50.0
2026-07-27 05:00:00+00:00,2026-07-27 07:00:00+00:00,-12.818278847743201,87.1817211522568,2,50.0
2026-07-27 06:00:00+00:00,2026-07-27 08:00:00+00:00,-45.58727795387554,54.41272204612446,4,25.0
2026-07-27 07:00:00+00:00,2026-07-27 09:00:00+00:00,-51.50142204895063,48.49857795104937,3,0.0
2026-07-27 08:00:00+00:00,2026-07-27 10:00:00+00:00,-15.022311910134235,84.97768808986577,3,33.33333333333333
2026-07-27 09:00:00+00:00,2026-07-27 11:00:00+00:00,-2.83184744927901,97.16815255072099,3,66.66666666666666
2026-07-27 10:00:00+00:00,2026-07-27 12:00:00+00:00,-4.55330345411879,95.44669654588121,3,66.66666666666666
2026-07-27 11:00:00+00:00,2026-07-27 13:00:00+00:00,-21.813071299185694,78.1869287008143,4,50.0
2026-07-27 12:00:00+00:00,2026-07-27 14:00:00+00:00,-13.67359524729521,86.32640475270479,4,50.0
2026-07-27 13:00:00+00:00,2026-07-27 15:00:00+00:00,-20.380050232278677,79.61994976772132,4,25.0
2026-07-27 14:00:00+00:00,2026-07-27 16:00:00+00:00,-19.39552140344192,80.60447859655808,2,0.0
2026-07-27 15:00:00+00:00,2026-07-27 17:00:00+00:00,-13.106601630618542,86.89339836938146,2,50.0
2026-07-27 16:00:00+00:00,2026-07-27 18:00:00+00:00,-27.32439174210859,72.67560825789141,2,0.0
2026-07-27 17:00:00+00:00,2026-07-27 19:00:00+00:00,13.802139074538289,113.80213907453829,2,50.0
2026-07-27 18:00:00+00:00,2026-07-27 20:00:00+00:00,10.991371626589341,110.99137162658934,2,50.0
2026-07-27 19:00:00+00:00,2026-07-27 21:00:00+00:00,8.951942440414726,108.95194244041473,1,100.0
2026-07-27 20:00:00+00:00,2026-07-27 22:00:00+00:00,-40.60233391319575,59.39766608680425,2,0.0
2026-07-27 21:00:00+00:00,2026-07-27 23:00:00+00:00,-77.41774761672991,22.582252383270085,6,0.0
2026-07-27 22:00:00+00:00,2026-07-28 00:00:00+00:00,-55.094738295358304,44.905261704641696,6,16.666666666666664
2026-07-27 23:00:00+00:00,2026-07-28 01:00:00+00:00,-11.824118911984272,88.17588108801573,3,33.33333333333333
2026-07-28 00:00:00+00:00,2026-07-28 02:00:00+00:00,-36.01022556188986,63.98977443811014,3,0.0
2026-07-28 01:00:00+00:00,2026-07-28 03:00:00+00:00,-22.047156139070395,77.9528438609296,2,0.0
2026-07-28 02:00:00+00:00,2026-07-28 04:00:00+00:00,5.631319840056108,105.63131984005611,2,50.0
2026-07-28 03:00:00+00:00,2026-07-28 05:00:00+00:00,-21.415690757824507,78.5843092421755,1,0.0
2026-07-28 04:00:00+00:00,2026-07-28 06:00:00+00:00,-0.09557893951750884,99.90442106048249,3,66.66666666666666
2026-07-28 05:00:00+00:00,2026-07-28 07:00:00+00:00,-31.36367722387473,68.63632277612527,3,33.33333333333333
2026-07-28 06:00:00+00:00,2026-07-28 08:00:00+00:00,-15.343901086603736,84.65609891339626,3,33.33333333333333
2026-07-28 07:00:00+00:00,2026-07-28 09:00:00+00:00,-31.03748982531377,68.96251017468623,2,0.0
2026-07-28 08:00:00+00:00,2026-07-28 10:00:00+00:00,24.687459125238277,124.68745912523828,2,100.0
2026-07-28 09:00:00+00:00,2026-07-28 11:00:00+00:00,41.526620708811464,141.52662070881146,3,100.0
2026-07-28 10:00:00+00:00,2026-07-28 12:00:00+00:00,29.808268356030908,129.8082683560309,2,100.0
2026-07-28 11:00:00+00:00,2026-07-28 13:00:00+00:00,11.889422369151859,111.88942236915186,2,50.0
2026-07-28 12:00:00+00:00,2026-07-28 14:00:00+00:00,-15.360438225793615,84.63956177420638,4,50.0
2026-07-28 13:00:00+00:00,2026-07-28 15:00:00+00:00,-26.23786454286602,73.76213545713398,4,50.0
2026-07-28 14:00:00+00:00,2026-07-28 16:00:00+00:00,-18.08640821462454,81.91359178537546,2,0.0
2026-07-28 15:00:00+00:00,2026-07-28 17:00:00+00:00,-6.827960983904134,93.17203901609587,1,0.0
2026-07-28 16:00:00+00:00,2026-07-28 18:00:00+00:00,9.420792942437075,109.42079294243707,3,66.66666666666666
2026-07-28 17:00:00+00:00,2026-07-28 19:00:00+00:00,-5.843575456171479,94.15642454382852,2,50.0
2026-07-28 18:00:00+00:00,2026-07-28 20:00:00+00:00,-20.079350465107794,79.9206495348922,1,0.0
2026-07-28 19:00:00+00:00,2026-07-28 21:00:00+00:00,-22.622230529929155,77.37776947007085,2,0.0
2026-07-28 20:00:00+00:00,2026-07-28 22:00:00+00:00,-6.482231092422012,93.51776890757799,1,0.0
2026-07-28 21:00:00+00:00,2026-07-28 23:00:00+00:00,-31.889710356192964,68.11028964380704,3,33.33333333333333
2026-07-28 22:00:00+00:00,2026-07-29 00:00:00+00:00,-56.457825453655666,43.542174546344334,5,20.0
2026-07-28 23:00:00+00:00,2026-07-29 01:00:00+00:00,-26.315370430587578,73.68462956941242,4,50.0
2026-07-29 00:00:00+00:00,2026-07-29 02:00:00+00:00,-5.770595374148968,94.22940462585103,2,50.0
2026-07-29 01:00:00+00:00,2026-07-29 03:00:00+00:00,3.250089499111141,103.25008949911114,3,66.66666666666666
2026-07-29 02:00:00+00:00,2026-07-29 04:00:00+00:00,11.260208414450176,111.26020841445018,3,66.66666666666666
2026-07-29 03:00:00+00:00,2026-07-29 05:00:00+00:00,-26.376758078357753,73.62324192164225,2,0.0
2026-07-29 04:00:00+00:00,2026-07-29 06:00:00+00:00,-18.18497736889688,81.81502263110312,3,33.33333333333333
2026-07-29 05:00:00+00:00,2026-07-29 07:00:00+00:00,-39.59143170958854,60.40856829041146,3,0.0
2026-07-29 06:00:00+00:00,2026-07-29 08:00:00+00:00,-36.93647498130737,63.06352501869263,2,0.0
2026-07-29 07:00:00+00:00,2026-07-29 09:00:00+00:00,2.162411036833987,102.16241103683399,3,66.66666666666666
2026-07-29 08:00:00+00:00,2026-07-29 10:00:00+00:00,-10.519532529761875,89.48046747023812,2,50.0
2026-07-29 09:00:00+00:00,2026-07-29 11:00:00+00:00,-10.442051572305175,89.55794842769482,3,66.66666666666666
2026-07-29 10:00:00+00:00,2026-07-29 12:00:00+00:00,30.526418322353294,130.5264183223533,2,100.0
2026-07-29 11:00:00+00:00,2026-07-29 13:00:00+00:00,-32.56661195298926,67.43338804701074,2,0.0
2026-07-29 12:00:00+00:00,2026-07-29 14:00:00+00:00,-26.19887907618545,73.80112092381455,3,33.33333333333333
2026-07-29 13:00:00+00:00,2026-07-29 15:00:00+00:00,-13.315300809755755,86.68469919024425,5,40.0
2026-07-29 14:00:00+00:00,2026-07-29 16:00:00+00:00,-11.72933665064798,88.27066334935202,1,0.0
2026-07-29 15:00:00+00:00,2026-07-29 17:00:00+00:00,-12.964401483070674,87.03559851692933,2,50.0
2026-07-29 16:00:00+00:00,2026-07-29 18:00:00+00:00,-26.456025066419997,73.54397493358,5,40.0
2026-07-29 17:00:00+00:00,2026-07-29 19:00:00+00:00,-23.0521710699108,76.9478289300892,4,25.0
2026-07-29 18:00:00+00:00,2026-07-29 20:00:00+00:00,3.7254861434694817,103.72548614346948,4,50.0
2026-07-29 19:00:00+00:00,2026-07-29 21:00:00+00:00,-30.86705828111093,69.13294171888907,2,0.0
2026-07-29 20:00:00+00:00,2026-07-29 22:00:00+00:00,-20.58706667547493,79.41293332452507,3,33.33333333333333
2026-07-29 21:00:00+00:00,2026-07-29 23:00:00+00:00,-12.880163304804825,87.11983669519518,4,50.0
2026-07-29 22:00:00+00:00,2026-07-30 00:00:00+00:00,-14.04221407039185,85.95778592960815,2,50.0
2026-07-29 23:00:00+00:00,2026-07-30 01:00:00+00:00,-11.495373842980243,88.50462615701976,2,50.0
2026-07-30 00:00:00+00:00,2026-07-30 02:00:00+00:00,-30.600019079154208,69.39998092084579,4,25.0
2026-07-30 01:00:00+00:00,2026-07-30 03:00:00+00:00,-28.72424358519119,71.27575641480881,3,33.33333333333333
2026-07-30 02:00:00+00:00,2026-07-30 04:00:00+00:00,8.009190080043183,108.00919008004318,1,100.0
2026-07-30 03:00:00+00:00,2026-07-30 05:00:00+00:00,-19.63764608748886,80.36235391251114,1,0.0
2026-07-30 04:00:00+00:00,2026-07-30 06:00:00+00:00,-29.262981067965725,70.73701893203427,3,33.33333333333333
2026-07-30 05:00:00+00:00,2026-07-30 07:00:00+00:00,13.604991464129796,113.6049914641298,1,100.0
2026-07-30 06:00:00+00:00,2026-07-30 08:00:00+00:00,13.600421417711672,113.60042141771167,1,100.0
2026-07-30 07:00:00+00:00,2026-07-30 09:00:00+00:00,-17.179867754865057,82.82013224513494,3,33.33333333333333
2026-07-30 08:00:00+00:00,2026-07-30 10:00:00+00:00,-50.00904160556669,49.99095839443331,4,0.0
2026-07-30 09:00:00+00:00,2026-07-30 11:00:00+00:00,-38.26172740131011,61.73827259868989,3,0.0
2026-07-30 10:00:00+00:00,2026-07-30 12:00:00+00:00,-43.44924729243722,56.55075270756278,3,0.0
2026-07-30 11:00:00+00:00,2026-07-30 13:00:00+00:00,-48.90484171776227,51.09515828223773,4,25.0
2026-07-30 12:00:00+00:00,2026-07-30 14:00:00+00:00,-17.459702852297482,82.54029714770252,4,50.0
2026-07-30 13:00:00+00:00,2026-07-30 15:00:00+00:00,-8.60506443896955,91.39493556103045,2,50.0
2026-07-30 14:00:00+00:00,2026-07-30 16:00:00+00:00,8.277851523763502,108.2778515237635,1,100.0
2026-07-30 15:00:00+00:00,2026-07-30 17:00:00+00:00,23.84039995019964,123.84039995019964,2,100.0
2026-07-30 16:00:00+00:00,2026-07-30 18:00:00+00:00,-14.105702371624162,85.89429762837584,2,50.0
2026-07-30 17:00:00+00:00,2026-07-30 19:00:00+00:00,7.298591533024165,107.29859153302417,2,50.0
2026-07-30 18:00:00+00:00,2026-07-30 20:00:00+00:00,14.275220801658605,114.2752208016586,1,100.0
2026-07-30 19:00:00+00:00,2026-07-30 21:00:00+00:00,27.291962755534996,127.291962755535,2,100.0
2026-07-30 20:00:00+00:00,2026-07-30 22:00:00+00:00,17.294196968760446,117.29419696876045,2,100.0
2026-07-30 21:00:00+00:00,2026-07-30 23:00:00+00:00,26.484141929500822,126.48414192950082,2,100.0
2026-07-30 22:00:00+00:00,2026-07-31 00:00:00+00:00,-34.110333315950754,65.88966668404925,3,33.33333333333333
2026-07-30 23:00:00+00:00,2026-07-31 01:00:00+00:00,29.614160218193632,129.61416021819363,2,100.0
2026-07-31 00:00:00+00:00,2026-07-31 02:00:00+00:00,-2.619169973965583,97.38083002603442,4,50.0
2026-07-31 01:00:00+00:00,2026-07-31 03:00:00+00:00,-38.85839089387246,61.14160910612754,5,20.0
2026-07-31 02:00:00+00:00,2026-07-31 04:00:00+00:00,-7.007061284548428,92.99293871545157,2,50.0
2026-07-31 03:00:00+00:00,2026-07-31 05:00:00+00:00,12.713071495629322,112.71307149562932,1,100.0
2026-07-31 04:00:00+00:00,2026-07-31 06:00:00+00:00,30.332132827078397,130.3321328270784,2,100.0
2026-07-31 05:00:00+00:00,2026-07-31 07:00:00+00:00,-1.1344531695627182,98.86554683043728,3,66.66666666666666
2026-07-31 06:00:00+00:00,2026-07-31 08:00:00+00:00,-51.14313146064416,48.85686853935584,5,20.0
2026-07-31 07:00:00+00:00,2026-07-31 09:00:00+00:00,-53.580830776500484,46.419169223499516,4,0.0
2026-07-31 08:00:00+00:00,2026-07-31 10:00:00+00:00,-45.189609988560434,54.810390011439566,3,0.0
2026-07-31 09:00:00+00:00,2026-07-31 11:00:00+00:00,-69.81010437209567,30.18989562790434,5,0.0
2026-07-31 10:00:00+00:00,2026-07-31 12:00:00+00:00,-36.06283728989946,63.93716271010054,5,40.0
2026-07-31 11:00:00+00:00,2026-07-31 13:00:00+00:00,-22.76330643578028,77.23669356421972,4,50.0
2026-07-31 12:00:00+00:00,2026-07-31 14:00:00+00:00,-34.756928238656414,65.24307176134359,5,40.0
2026-07-31 13:00:00+00:00,2026-07-31 15:00:00+00:00,-39.9783793839556,60.0216206160444,5,20.0
2026-07-31 14:00:00+00:00,2026-07-31 16:00:00+00:00,-13.390927478375275,86.60907252162473,2,50.0
2026-07-31 15:00:00+00:00,2026-07-31 17:00:00+00:00,2.0596538879274675,102.05965388792747,2,50.0
2026-07-31 16:00:00+00:00,2026-07-31 18:00:00+00:00,-50.25014993033164,49.74985006966836,4,0.0
2026-07-31 17:00:00+00:00,2026-07-31 19:00:00+00:00,-16.010861360587185,83.98913863941281,4,50.0
2026-07-31 18:00:00+00:00,2026-07-31 20:00:00+00:00,31.097767424830693,131.0977674248307,3,66.66666666666666
2026-07-31 19:00:00+00:00,2026-07-31 21:00:00+00:00,-20.60712702788983,79.39287297211017,1,0.0
2026-07-31 20:00:00+00:00,2026-07-31 22:00:00+00:00,26.659083936285015,126.65908393628501,2,100.0
2026-07-31 21:00:00+00:00,2026-07-31 23:00:00+00:00,28.15905071397202,128.15905071397202,3,100.0
2026-07-31 22:00:00+00:00,2026-08-01 00:00:00+00:00,-17.002321348545934,82.99767865145407,2,50.0
2026-07-31 23:00:00+00:00,2026-08-01 01:00:00+00:00,11.500467851388066,111.50046785138807,2,100.0
2026-08-01 00:00:00+00:00,2026-08-01 02:00:00+00:00,17.732158087394808,117.73215808739481,2,100.0
2026-08-01 01:00:00+00:00,2026-08-01 03:00:00+00:00,-49.29229976169187,50.70770023830813,4,25.0
2026-08-01 02:00:00+00:00,2026-08-01 04:00:00+00:00,-47.7774522543007,52.2225477456993,5,40.0
2026-08-01 03:00:00+00:00,2026-08-01 05:00:00+00:00,-21.93124027836116,78.06875972163884,4,50.0
2026-08-01 04:00:00+00:00,2026-08-01 06:00:00+00:00,-65.93426833350696,34.065731666493036,5,0.0
2026-08-01 05:00:00+00:00,2026-08-01 07:00:00+00:00,-34.550534989415866,65.44946501058413,3,33.33333333333333
2026-08-01 06:00:00+00:00,2026-08-01 08:00:00+00:00,6.834955552139448,106.83495555213945,3,66.66666666666666
2026-08-01 07:00:00+00:00,2026-08-01 09:00:00+00:00,-48.07499795197377,51.92500204802623,4,25.0
2026-08-01 08:00:00+00:00,2026-08-01 10:00:00+00:00,-58.730701922230665,41.269298077769335,3,0.0
2026-08-01 09:00:00+00:00,2026-08-01 11:00:00+00:00,-27.22084324979477,72.77915675020523,2,50.0
2026-08-01 10:00:00+00:00,2026-08-01 12:00:00+00:00,-15.210921066650315,84.78907893334969,2,50.0
2026-08-01 11:00:00+00:00,2026-08-01 13:00:00+00:00,-23.5049049207272,76.4950950792728,1,0.0
2026-08-01 12:00:00+00:00,2026-08-01 14:00:00+00:00,-48.503945846552526,51.496054153447474,3,0.0
2026-08-01 13:00:00+00:00,2026-08-01 15:00:00+00:00,-60.87318547708135,39.12681452291865,3,0.0
2026-08-01 14:00:00+00:00,2026-08-01 16:00:00+00:00,-57.59301879394424,42.40698120605576,3,0.0
2026-08-01 15:00:00+00:00,2026-08-01 17:00:00+00:00,-69.38001438965036,30.619985610349648,5,40.0
2026-08-01 16:00:00+00:00,2026-08-01 18:00:00+00:00,-68.04077317094912,31.959226829050877,7,28.57142857142857
2026-08-01 17:00:00+00:00,2026-08-01 19:00:00+00:00,-67.84260158651547,32.15739841348453,6,16.666666666666664
2026-08-01 18:00:00+00:00,2026-08-01 20:00:00+00:00,-27.062800720973,72.937199279027,3,33.33333333333333
2026-08-01 19:00:00+00:00,2026-08-01 21:00:00+00:00,-21.910717678669684,78.08928232133032,1,0.0
2026-08-01 20:00:00+00:00,2026-08-01 22:00:00+00:00,-40.799048074013825,59.200951925986175,3,0.0
2026-08-01 21:00:00+00:00,2026-08-01 23:00:00+00:00,-27.28583898971499,72.71416101028501,2,0.0
2026-08-01 22:00:00+00:00,2026-08-02 00:00:00+00:00,15.19998672005191,115.19998672005191,2,100.0
2026-08-01 23:00:00+00:00,2026-08-02 01:00:00+00:00,-41.21063555619234,58.78936444380766,5,60.0
2026-08-02 00:00:00+00:00,2026-08-02 02:00:00+00:00,-15.198518291002713,84.80148170899729,4,75.0
2026-08-02 01:00:00+00:00,2026-08-02 03:00:00+00:00,-29.105599645198424,70.89440035480158,4,50.0
2026-08-02 02:00:00+00:00,2026-08-02 04:00:00+00:00,-15.193985985895836,84.80601401410416,3,33.33333333333333
2026-08-02 03:00:00+00:00,2026-08-02 05:00:00+00:00,-19.603691616038915,80.39630838396108,1,0.0
2026-08-02 04:00:00+00:00,2026-08-02 06:00:00+00:00,-36.18122915400685,63.81877084599315,4,50.0
2026-08-02 05:00:00+00:00,2026-08-02 07:00:00+00:00,-26.148284210907434,73.85171578909257,3,33.33333333333333
2026-08-02 06:00:00+00:00,2026-08-02 08:00:00+00:00,-33.364854241846885,66.63514575815312,2,0.0
2026-08-02 07:00:00+00:00,2026-08-02 09:00:00+00:00,-64.90343904835868,35.096560951641315,4,0.0
2026-08-02 08:00:00+00:00,2026-08-02 10:00:00+00:00,-59.36660347918247,40.63339652081753,4,25.0
2026-08-02 09:00:00+00:00,2026-08-02 11:00:00+00:00,-16.463040082869526,83.53695991713047,3,33.33333333333333
2026-08-02 10:00:00+00:00,2026-08-02 12:00:00+00:00,-40.32429253801477,59.67570746198523,3,33.33333333333333
2026-08-02 11:00:00+00:00,2026-08-02 13:00:00+00:00,-17.14729672198115,82.85270327801885,2,50.0
2026-08-02 12:00:00+00:00,2026-08-02 14:00:00+00:00,-16.511080597022527,83.48891940297747,2,50.0
2026-08-02 13:00:00+00:00,2026-08-02 15:00:00+00:00,-26.144902974030174,73.85509702596983,3,33.33333333333333
2026-08-02 14:00:00+00:00,2026-08-02 16:00:00+00:00,20.32898445576575,120.32898445576575,2,100.0
2026-08-02 15:00:00+00:00,2026-08-02 17:00:00+00:00,-11.613581971828523,88.38641802817148,4,75.0
2026-08-02 16:00:00+00:00,2026-08-02 18:00:00+00:00,-20.764251896047625,79.23574810395237,4,50.0
2026-08-02 17:00:00+00:00,2026-08-02 19:00:00+00:00,-43.085659662621396,56.914340337378604,2,0.0
2026-08-02 18:00:00+00:00,2026-08-02 20:00:00+00:00,-24.876823257460416,75.12317674253958,2,50.0
2026-08-02 19:00:00+00:00,2026-08-02 21:00:00+00:00,-22.949625765368594,77.0503742346314,1,0.0
2026-08-02 20:00:00+00:00,2026-08-02 22:00:00+00:00,-34.575508332488425,65.42449166751157,3,33.33333333333333
2026-08-02 21:00:00+00:00,2026-08-02 23:00:00+00:00,-9.155408275987753,90.84459172401225,4,50.0
2026-08-02 22:00:00+00:00,2026-08-03 00:00:00+00:00,16.83688430592545,116.83688430592545,2,100.0
2026-08-02 23:00:00+00:00,2026-08-03 01:00:00+00:00,5.871899714811519,105.87189971481152,3,66.66666666666666
2026-08-03 00:00:00+00:00,2026-08-03 02:00:00+00:00,-13.093631051983579,86.90636894801642,3,33.33333333333333
2026-08-03 01:00:00+00:00,2026-08-03 03:00:00+00:00,-20.73640541664885,79.26359458335115,2,0.0
2026-08-03 02:00:00+00:00,2026-08-03 04:00:00+00:00,-22.748399418989095,77.2516005810109,2,0.0
2026-08-03 03:00:00+00:00,2026-08-03 05:00:00+00:00,-47.76220919086799,52.23779080913201,3,0.0
2026-08-03 04:00:00+00:00,2026-08-03 06:00:00+00:00,-6.928311194063369,93.07168880593663,3,66.66666666666666
2026-08-03 05:00:00+00:00,2026-08-03 07:00:00+00:00,-53.41212663603013,46.58787336396987,3,0.0
2026-08-03 06:00:00+00:00,2026-08-03 08:00:00+00:00,-48.1583460202563,51.8416539797437,3,0.0
2026-08-03 07:00:00+00:00,2026-08-03 09:00:00+00:00,-45.12472002541045,54.87527997458955,4,25.0
2026-08-03 08:00:00+00:00,2026-08-03 10:00:00+00:00,-56.57914225624935,43.42085774375065,5,20.0
2026-08-03 09:00:00+00:00,2026-08-03 11:00:00+00:00,-22.74650970410515,77.25349029589485,4,50.0
2026-08-03 10:00:00+00:00,2026-08-03 12:00:00+00:00,45.43779641325034,145.43779641325034,3,100.0
2026-08-03 11:00:00+00:00,2026-08-03 13:00:00+00:00,10.298773044575526,110.29877304457553,4,75.0
2026-08-03 12:00:00+00:00,2026-08-03 14:00:00+00:00,-20.42963208792422,79.57036791207578,5,40.0
2026-08-03 13:00:00+00:00,2026-08-03 15:00:00+00:00,-53.16820796067172,46.83179203932828,6,16.666666666666664
2026-08-03 14:00:00+00:00,2026-08-03 16:00:00+00:00,-34.94146805079281,65.0585319492072,3,0.0
2026-08-03 15:00:00+00:00,2026-08-03 17:00:00+00:00,3.1918422151439074,103.19184221514391,1,100.0
2026-08-03 16:00:00+00:00,2026-08-03 18:00:00+00:00,-3.1279868752247353,96.87201312477526,1,0.0
2026-08-03 17:00:00+00:00,2026-08-03 19:00:00+00:00,39.16491379164256,139.16491379164256,3,100.0
2026-08-03 18:00:00+00:00,2026-08-03 20:00:00+00:00,20.82816379014301,120.82816379014301,4,75.0
2026-08-03 19:00:00+00:00,2026-08-03 21:00:00+00:00,-24.714236133880803,75.2857638661192,3,33.33333333333333
2026-08-03 20:00:00+00:00,2026-08-03 22:00:00+00:00,-52.74764945468524,47.25235054531476,3,0.0
2026-08-03 21:00:00+00:00,2026-08-03 23:00:00+00:00,-47.59760953819763,52.40239046180237,4,25.0
2026-08-03 22:00:00+00:00,2026-08-04 00:00:00+00:00,27.249418126485907,127.2494181264859,2,100.0
2026-08-03 23:00:00+00:00,2026-08-04 01:00:00+00:00,-10.753711886917856,89.24628811308214,3,66.66666666666666
2026-08-04 00:00:00+00:00,2026-08-04 02:00:00+00:00,-44.530785093821585,55.469214906178415,5,20.0
2026-08-04 01:00:00+00:00,2026-08-04 03:00:00+00:00,-47.7995975191209,52.2004024808791,4,25.0
2026-08-04 02:00:00+00:00,2026-08-04 04:00:00+00:00,-17.260099062937215,82.73990093706279,2,50.0
2026-08-04 03:00:00+00:00,2026-08-04 05:00:00+00:00,-23.259482666770694,76.7405173332293,4,50.0
2026-08-04 04:00:00+00:00,2026-08-04 06:00:00+00:00,-33.028521937078395,66.9714780629216,3,33.33333333333333
2026-08-04 05:00:00+00:00,2026-08-04 07:00:00+00:00,-31.10621535551597,68.89378464448403,2,0.0
2026-08-04 06:00:00+00:00,2026-08-04 08:00:00+00:00,-52.730033816041555,47.269966183958445,5,20.0
2026-08-04 07:00:00+00:00,2026-08-04 09:00:00+00:00,-32.579917204678566,67.42008279532143,5,40.0
2026-08-04 08:00:00+00:00,2026-08-04 10:00:00+00:00,-14.651667210253748,85.34833278974625,1,0.0
2026-08-04 09:00:00+00:00,2026-08-04 11:00:00+00:00,-36.82370126423943,63.17629873576057,5,40.0
2026-08-04 10:00:00+00:00,2026-08-04 12:00:00+00:00,-57.358661054289996,42.641338945710004,6,33.33333333333333
2026-08-04 11:00:00+00:00,2026-08-04 13:00:00+00:00,-24.30965830310575,75.69034169689425,2,0.0
2026-08-04 12:00:00+00:00,2026-08-04 14:00:00+00:00,-24.68343729122782,75.31656270877218,3,33.33333333333333
2026-08-04 13:00:00+00:00,2026-08-04 15:00:00+00:00,4.1670434887848415,104.16704348878484,4,50.0
2026-08-04 14:00:00+00:00,2026-08-04 16:00:00+00:00,18.92036120556324,118.92036120556324,2,100.0
2026-08-04 15:00:00+00:00,2026-08-04 17:00:00+00:00,55.37099816415821,155.3709981641582,3,100.0
2026-08-04 16:00:00+00:00,2026-08-04 18:00:00+00:00,34.01032963475194,134.01032963475194,2,100.0
2026-08-04 17:00:00+00:00,2026-08-04 19:00:00+00:00,-2.8546951635293,97.1453048364707,3,66.66666666666666
2026-08-04 18:00:00+00:00,2026-08-04 20:00:00+00:00,-6.141765589718759,93.85823441028124,2,50.0
2026-08-04 19:00:00+00:00,2026-08-04 21:00:00+00:00,-15.453119777402563,84.54688022259744,5,60.0
2026-08-04 20:00:00+00:00,2026-08-04 22:00:00+00:00,6.284734683788869,106.28473468378887,3,66.66666666666666
2026-08-04 21:00:00+00:00,2026-08-04 23:00:00+00:00,0.0,100.0,0,0.0
2026-08-04 22:00:00+00:00,2026-08-05 00:00:00+00:00,-31.408071514348777,68.59192848565122,3,33.33333333333333
2026-08-04 23:00:00+00:00,2026-08-05 01:00:00+00:00,-23.04273886073524,76.95726113926476,3,33.33333333333333
2026-08-05 00:00:00+00:00,2026-08-05 02:00:00+00:00,-7.952714342491348,92.04728565750865,2,50.0
2026-08-05 01:00:00+00:00,2026-08-05 03:00:00+00:00,-26.821990938315523,73.17800906168448,4,50.0
2026-08-05 02:00:00+00:00,2026-08-05 04:00:00+00:00,11.170417639487397,111.1704176394874,2,50.0
2026-08-05 03:00:00+00:00,2026-08-05 05:00:00+00:00,13.499400685855818,113.49940068585582,1,100.0
2026-08-05 04:00:00+00:00,2026-08-05 06:00:00+00:00,-41.151067889821135,58.848932110178865,3,0.0
2026-08-05 05:00:00+00:00,2026-08-05 07:00:00+00:00,-44.71317576823586,55.28682423176414,4,25.0
2026-08-05 06:00:00+00:00,2026-08-05 08:00:00+00:00,-51.0329540432294,48.9670459567706,4,25.0
2026-08-05 07:00:00+00:00,2026-08-05 09:00:00+00:00,-25.51674541482086,74.48325458517914,4,50.0
2026-08-05 08:00:00+00:00,2026-08-05 10:00:00+00:00,13.446504648590846,113.44650464859085,1,100.0
2026-08-05 09:00:00+00:00,2026-08-05 11:00:00+00:00,10.853334418808217,110.85333441880822,2,100.0
2026-08-05 10:00:00+00:00,2026-08-05 12:00:00+00:00,14.123214706118262,114.12321470611826,2,100.0
2026-08-05 11:00:00+00:00,2026-08-05 13:00:00+00:00,-30.39692138181516,69.60307861818484,3,33.33333333333333
2026-08-05 12:00:00+00:00,2026-08-05 14:00:00+00:00,-34.57609934613184,65.42390065386816,5,40.0
2026-08-05 13:00:00+00:00,2026-08-05 15:00:00+00:00,-20.38708980458182,79.61291019541818,3,33.33333333333333
2026-08-05 14:00:00+00:00,2026-08-05 16:00:00+00:00,-6.376683128308969,93.62331687169103,2,50.0
2026-08-05 15:00:00+00:00,2026-08-05 17:00:00+00:00,-7.472682647298328,92.52731735270167,1,0.0
2026-08-05 16:00:00+00:00,2026-08-05 18:00:00+00:00,3.4581653060435826,103.45816530604358,2,50.0
2026-08-05 17:00:00+00:00,2026-08-05 19:00:00+00:00,-20.923940531468247,79.07605946853175,1,0.0
2026-08-05 18:00:00+00:00,2026-08-05 20:00:00+00:00,-19.376355229346643,80.62364477065336,2,50.0
2026-08-05 19:00:00+00:00,2026-08-05 21:00:00+00:00,15.015945970863385,115.01594597086338,1,100.0
2026-08-05 20:00:00+00:00,2026-08-05 22:00:00+00:00,-18.691684810614973,81.30831518938503,3,33.33333333333333
2026-08-05 21:00:00+00:00,2026-08-05 23:00:00+00:00,-37.09795464497175,62.90204535502825,2,0.0
2026-08-05 22:00:00+00:00,2026-08-06 00:00:00+00:00,26.84220988078934,126.84220988078934,2,100.0
2026-08-05 23:00:00+00:00,2026-08-06 01:00:00+00:00,10.544875164932904,110.5448751649329,2,50.0
2026-08-06 00:00:00+00:00,2026-08-06 02:00:00+00:00,-40.99163579850071,59.00836420149929,2,0.0
2026-08-06 01:00:00+00:00,2026-08-06 03:00:00+00:00,-22.67096489668144,77.32903510331856,2,50.0
2026-08-06 02:00:00+00:00,2026-08-06 04:00:00+00:00,-9.696513150935814,90.30348684906419,1,0.0
2026-08-06 03:00:00+00:00,2026-08-06 05:00:00+00:00,-34.41098201574667,65.58901798425333,3,33.33333333333333
2026-08-06 04:00:00+00:00,2026-08-06 06:00:00+00:00,-54.622161949363196,45.377838050636804,4,25.0
2026-08-06 05:00:00+00:00,2026-08-06 07:00:00+00:00,-12.188032269677265,87.81196773032273,3,66.66666666666666
